file_id	file_name	case_id	case_submitter_id
34745fc1-1ae6-4311-a7a3-fd43eeb40e4e	5b913527-2907-4006-b096-c460e6054c10.wxs.aliquot_ensemble_masked.maf.gz	b9607824-a8d3-4915-ab73-962cdcfd8dc3	TCGA-ER-A2NC
d64d7018-3e70-484b-a44f-68af090c74fe	e4422de2-e2b9-48d5-a377-99265846bb50.wxs.aliquot_ensemble_masked.maf.gz	714f58d6-14bf-4e60-96ac-104d4abd45ed	TCGA-D3-A3MU
4543e612-57f9-48d9-bb25-f99e96807a1e	a190c24f-8dfe-4215-9ce4-0fd431262b90.wxs.aliquot_ensemble_masked.maf.gz	f788f950-7953-47a6-b833-f9e5daa28fd3	TCGA-ER-A2NG
22e8528a-653c-4b16-922e-b761105f72d2	8131dab7-3065-4cf6-871a-6e7facb00909.wxs.aliquot_ensemble_masked.maf.gz	6c353b35-4f6d-4a36-bc8b-8a21dd0beecb	TCGA-ER-A2NH
f806b8b6-beda-44a4-8600-4ede8c4bde6a	2d18ccec-87d9-4744-8963-67c8fbb4064c.wxs.aliquot_ensemble_masked.maf.gz	b93f703e-be51-4469-aaac-2d4a87a37639	TCGA-ER-A3ES
efef7c5b-4675-4e32-8d85-739c2573eeb2	d7121111-d93c-4827-a60d-9a8d610826a6.wxs.aliquot_ensemble_masked.maf.gz	e36c9411-773b-4a8e-9b43-895b3cb044c7	TCGA-GN-A262
deeae810-ef70-4a3b-a4ef-c1e81b95ad31	37e51281-2c27-4a16-b660-6db01c24307f.wxs.aliquot_ensemble_masked.maf.gz	e35be832-6972-4677-b985-02e90d51141a	TCGA-ER-A3EV
a4c2e627-5ebe-458a-b173-0d6dad1fd208	f8ef17e5-3f78-4f32-bf96-93688a761521.wxs.aliquot_ensemble_masked.maf.gz	4eb16fb1-0fcf-4c47-80fa-b7acc3a59a12	TCGA-FS-A4F0
3ce688c0-d0c8-4e97-846a-a047c1c319ca	336c4215-9979-45dc-aaac-19b9354247f4.wxs.aliquot_ensemble_masked.maf.gz	31e94518-f6dd-4458-94d8-dda3cc7a0831	TCGA-FS-A1ZS
478faadb-2872-414a-a482-d2d8ea7c193a	83d18fa6-c8b6-4b05-8e56-861936438492.wxs.aliquot_ensemble_masked.maf.gz	c58638ed-a38c-4494-a41e-6ee5283a7a59	TCGA-D3-A2JF
a9419a5d-6c3f-41f9-8231-e54644c70d1d	4c224183-4c0c-4781-9dde-89d3e9a85ca0.wxs.aliquot_ensemble_masked.maf.gz	783eb662-7d7a-4637-8500-e2d86d73ec7b	TCGA-EE-A2GO
abf2399a-1b45-417f-9323-1725ff60d0e1	bb7af7af-0a5f-486e-a1f3-4b656c9031a7.wxs.aliquot_ensemble_masked.maf.gz	fed23055-1600-4128-8d73-e1aa902a9d1d	TCGA-D9-A148
5ab1fe96-8ae8-4be8-b1e3-72b622f1e949	55e8de5e-9135-45e5-8d51-b3fdfb991c1d.wxs.aliquot_ensemble_masked.maf.gz	7ce09a09-074e-4f38-bed7-98ab34347fbe	TCGA-FS-A1ZU
afe374a5-fb81-4b10-995d-554bded82e61	f14f1dc2-a7d6-4eee-b2b0-7d5c75281a64.wxs.aliquot_ensemble_masked.maf.gz	57dd4d65-cfad-4533-92b4-90742289603b	TCGA-FS-A1YW
e9b5788b-b115-4771-bd56-cbd44b5a7dcf	948d2a71-2ec5-44b9-8893-7ec0a02cfd54.wxs.aliquot_ensemble_masked.maf.gz	6dc9c5b0-77e6-4c53-a75c-8f01731c54e8	TCGA-GN-A4U4
d1a40ea6-cec9-4c75-9085-e26aa3a80ceb	2ecae0cd-285a-47d6-8c77-430e9c8b72e0.wxs.aliquot_ensemble_masked.maf.gz	74596c13-8b5d-4289-a3c0-446fa968b241	TCGA-FS-A4F4
a18e653b-caed-4891-97b1-05c59d58f3a8	64e8517a-5e65-43ab-81ff-93dbfb0c59fa.wxs.aliquot_ensemble_masked.maf.gz	ea240769-e51c-45f5-a131-ba123e598622	TCGA-ER-A198
d2871f8c-cad5-4fd2-bce2-21cc2709e208	9e97b65a-cf40-47ab-a3c3-773402e84ece.wxs.aliquot_ensemble_masked.maf.gz	a67fd5bb-b6b6-4e00-9acd-68d0a59b5e55	TCGA-EE-A20I
6af3b85e-b29f-48ef-9e13-2c52ac4a4ac5	6df7bc7b-49a0-4279-9858-a4c35ec4d1e7.wxs.aliquot_ensemble_masked.maf.gz	be73fde2-d843-426b-9306-a02d3f2a754b	TCGA-EE-A2GN
125660e5-7c65-45b2-a8ca-2df7abba9bcd	4a959f55-02eb-4330-9c00-559b12550a26.wxs.aliquot_ensemble_masked.maf.gz	9f5bd948-dc3d-4b17-a114-d2f5c46fe10c	TCGA-FS-A1ZH
d7284f8c-7276-48f0-af79-dea9777411d7	52f71b38-16a4-4b51-844c-b1aa4842ea14.wxs.aliquot_ensemble_masked.maf.gz	aa597e8b-7813-4837-b778-4dafe3b091bb	TCGA-EB-A5SH
dde9a0eb-3761-4531-87f9-80e4a5c5d022	642d2a4e-a2e0-4c01-a4e4-c9c7d8df2e16.wxs.aliquot_ensemble_masked.maf.gz	6a1966c3-7f01-4304-b4a1-c4ef683b179a	TCGA-FS-A1Z0
51cea836-7ea9-4a04-9c46-a56d09038b16	c0600d93-1921-4f20-97e8-9d46c0c3570d.wxs.aliquot_ensemble_masked.maf.gz	fe1ec057-f8d0-4155-925a-5b5ea0c11cc4	TCGA-D3-A8GR
5d5e2940-5578-4f66-8023-73014f45a725	93476d18-cd60-477c-9c19-73847870f711.wxs.aliquot_ensemble_masked.maf.gz	01cfbfae-f344-439d-aeab-a9e15d636325	TCGA-EE-A2ML
8ba950fd-db49-4af8-9e7f-c0bb11cdedbe	c3b6b125-6d8e-4a61-be5b-83843f9c8d3c.wxs.aliquot_ensemble_masked.maf.gz	a4e5a8ba-dbb2-4ee9-8ab3-cc5bab152cc2	TCGA-D9-A4Z5
095b4d07-16e2-4e31-b63e-323818f48c3a	373211e9-42a7-4d19-8e48-019f04352c72.wxs.aliquot_ensemble_masked.maf.gz	2ec330f8-96e4-4270-aadc-563bb72f4b2c	TCGA-D3-A2JE
420ac47a-09c4-4448-8f19-5d9eaa25a0f3	c3329a0d-f3a6-4bd1-807f-ac4d0de5882f.wxs.aliquot_ensemble_masked.maf.gz	1fb5b4fd-8891-4a21-96b6-45d4b848cc66	TCGA-FR-A7U9
9d773a75-ba87-49c2-aa70-6828723856c0	9ebcba44-5edb-4ba2-b927-07d7db3168eb.wxs.aliquot_ensemble_masked.maf.gz	c35d97f8-1b70-4fbd-a603-9230b3ba7952	TCGA-GN-A4U5
d88f4d78-c4ce-4eb1-9a74-c9510c7b4d33	518de910-4991-478b-9507-7afa30d0e06e.wxs.aliquot_ensemble_masked.maf.gz	db950f20-c869-4e1a-ada2-dbdc82b5865e	TCGA-W3-AA1O
3e269fe2-61f3-41de-a662-10e21c2c7f40	c11d8331-6134-4e69-b07f-f7713838621d.wxs.aliquot_ensemble_masked.maf.gz	6e1040d2-dee0-43c9-8462-fc0859d7d2af	TCGA-EE-A3JB
cdb6d2da-3983-44ed-a9d5-d7beb93eeeba	c8439474-37b8-451e-89f6-049468f45805.wxs.aliquot_ensemble_masked.maf.gz	f18cfe4a-fffd-4e09-9eef-343ba9ffd0d1	TCGA-EE-A2GK
8d1d32fe-86b7-4d61-a6ca-5ee992f5653f	10d500a4-04d1-4256-8239-7ee1e673a1e5.wxs.aliquot_ensemble_masked.maf.gz	3fea3f02-2db3-44e0-984e-c61130d92c9b	TCGA-ER-A19E
302dc4ee-86ce-4bb3-a45f-f7ea9d6dcb8c	ee5f571b-fd85-4e58-84a6-b870d5a458f7.wxs.aliquot_ensemble_masked.maf.gz	e3905d75-9d0a-4981-ab42-83ce2c20c4ea	TCGA-FR-A7UA
20d893f0-ec09-4912-afcf-1b9bf8d3223c	a7eafbf1-2926-48ee-89b4-9ea6b82cacf1.wxs.aliquot_ensemble_masked.maf.gz	ea3c0988-17c7-4eb0-a1a6-cef1e0865384	TCGA-ER-A42H
52163f5b-e137-4b93-bc50-1e2bdbcf6c6f	a7e8e97e-f8e7-455f-8560-e92b8064fa66.wxs.aliquot_ensemble_masked.maf.gz	01cb0004-fc1e-4da5-9d27-f458f8d711ee	TCGA-EE-A29V
9a0ed6e6-2029-4180-a00e-0f8b7923f2ac	a108df8f-4093-4b56-8987-ebfb07035358.wxs.aliquot_ensemble_masked.maf.gz	0caa706a-251f-43a0-897a-111aec0acc82	TCGA-FS-A4F9
a0eb022f-12b5-49a2-a837-d2d27ac3a08d	d59d70ee-4ed0-4ba0-a1b1-75fa01f60104.wxs.aliquot_ensemble_masked.maf.gz	0f7ff1fc-95ec-4eb5-a308-6b8f24eec29a	TCGA-EE-A3AB
4c8f06a3-0ba1-4a4a-9db0-28f8314f62b0	304e995c-0cb5-4848-9328-fb5cd9fa127f.wxs.aliquot_ensemble_masked.maf.gz	0d68acef-b6a0-4a8b-9088-15b9103e6aaf	TCGA-EE-A3J8
34173570-62f7-4171-b38e-5525b07d5976	a05a1620-d030-45e4-b6e1-161f5f133522.wxs.aliquot_ensemble_masked.maf.gz	04f7ecc8-4f6b-41ac-a984-9ea604698a21	TCGA-D3-A2JO
7ab2dd67-f409-4a52-867d-c980f16a2ad4	d37e7585-d23d-4e3d-8810-cf40fcbde805.wxs.aliquot_ensemble_masked.maf.gz	210726bd-db19-48ae-9a3d-e6ac44480e85	TCGA-DA-A1HV
e9f71c71-bd2a-47fc-993d-1163f7c2d0da	e376f447-0a94-435b-b1a0-fd2d7cfcb967.wxs.aliquot_ensemble_masked.maf.gz	1ca2eb9f-9496-450f-83fe-c7a6cb1a075b	TCGA-BF-A3DM
da0060a8-3c74-4f8f-9b08-1c1a5761ef44	909afd46-67f7-4fd4-8e27-84769f698e7a.wxs.aliquot_ensemble_masked.maf.gz	2316bc62-974a-4dfd-8ee2-9e4a08660a45	TCGA-D3-A51F
80cfe927-35c3-4619-b7eb-4d98a6ecdb52	d0a127e8-44b9-457b-b725-640f2bd53943.wxs.aliquot_ensemble_masked.maf.gz	23809ce7-77b4-432f-bda2-678f822b604a	TCGA-FR-A7U8
2eac9fa3-8625-430d-adf8-0ab295063c82	70642871-c8a6-45d0-8740-97bd83abdacc.wxs.aliquot_ensemble_masked.maf.gz	1f66a0e1-640a-4caa-85f1-61c6de475cf1	TCGA-D3-A51R
bb90aad2-4ed1-454b-aad1-6dc725dbceb9	ae3f58c3-1b43-4124-aaa0-6242ee3896d0.wxs.aliquot_ensemble_masked.maf.gz	2897a728-ec7b-4321-b0fe-3575b7c6ee39	TCGA-FR-A8YD
55092c8b-e431-481e-b3a2-11b3e715cb72	4ff8aeaa-c664-4cd9-8e44-28420d1989ef.wxs.aliquot_ensemble_masked.maf.gz	28cf244b-77dc-4b31-a65a-9746f15bb07e	TCGA-D3-A2JL
d906cd59-5313-474d-9367-a3ccfc25cc5c	3d88f869-3602-4c41-840c-b4ac61ac7511.wxs.aliquot_ensemble_masked.maf.gz	57882f61-4a32-49f1-afd4-61c70b184d8b	TCGA-FS-A1ZT
87085ef9-565f-4494-b718-a7d7d0a24119	be3eddd2-bbac-4bfc-b8f6-7a5cc0333109.wxs.aliquot_ensemble_masked.maf.gz	47a16bf2-229b-4e9a-8b5e-3dcc61fa9106	TCGA-D3-A2JG
b29ebe78-75ca-4e2c-9547-7d86375aed4d	aa93bfb1-53f6-497e-9b83-92a79e527ea9.wxs.aliquot_ensemble_masked.maf.gz	2d36cea4-73e9-493b-8433-0c2b911c0521	TCGA-D3-A3CC
fb155a0a-bb96-4c63-a846-104930034924	0ff5a2a1-5be3-4557-8faf-ec677be406d0.wxs.aliquot_ensemble_masked.maf.gz	5359d381-e7f2-4155-a559-7da9cda42ed9	TCGA-RP-A6K9
ac03fd8d-3cb5-4811-9aa9-b843b6e51b56	bb2d8f64-811a-49ae-b4e1-0352c0af6b64.wxs.aliquot_ensemble_masked.maf.gz	3a8cfea5-1dcd-4dbb-bbd9-5bb602c54922	TCGA-EE-A184
d4a06991-8ad1-431f-8d15-67d50b009a13	ac66fb86-62d7-477b-83aa-b2bfd979dabd.wxs.aliquot_ensemble_masked.maf.gz	8ab09143-daf6-40a9-85d3-0fe9de7b3e06	TCGA-ER-A193
a0b63ce2-8273-4abb-93f5-3f6c2aafd78a	8ba4ef5c-84fb-48b8-9231-64bcc8d7240f.wxs.aliquot_ensemble_masked.maf.gz	1068ad76-612e-40ee-b2fa-916da14b7916	TCGA-ER-A2NE
4c9a9108-228d-4753-96b8-0cc0de65135d	1eff62ee-b8d7-4690-afd5-f1c64e5b9b11.wxs.aliquot_ensemble_masked.maf.gz	40e17bf8-6c19-4e5e-b60d-ad54f504a970	TCGA-DA-A1HY
d13d91bd-5af2-4e42-82f7-ed5078e07c3d	cb5c4d12-43fc-4cbf-a095-93e6afd0ab5c.wxs.aliquot_ensemble_masked.maf.gz	511aa521-f38d-4ab7-9611-d8c1fec4c22b	TCGA-FW-A3TU
f786a24b-9728-4b6d-83fc-b3aad3a634a2	9116282a-4003-45b7-90ff-12db49151dd5.wxs.aliquot_ensemble_masked.maf.gz	791d3824-890f-43f2-b545-c7266506d716	TCGA-D3-A51T
0000e8b4-1361-41b9-b11d-bcd26d4c5ee1	74940d19-7a99-4323-9b8c-07cca52faf3c.wxs.aliquot_ensemble_masked.maf.gz	ce727e9e-325d-41d8-bfaf-0051418b9bef	TCGA-RP-A694
6311f680-9f0b-4e3f-98ed-223eafeaefac	285f36a8-b492-4143-9276-bce2409a18a6.wxs.aliquot_ensemble_masked.maf.gz	d3b77da8-be1d-4955-b1c7-55b7769785e8	TCGA-GN-A4U8
3a875986-a034-462a-ab56-527f384164b3	c4334b80-ba31-484a-a81f-c07077e9ecfc.wxs.aliquot_ensemble_masked.maf.gz	97991c80-c4aa-4ede-9fd9-bbaff9c4a472	TCGA-BF-AAP8
4212a297-9bc7-4e88-8d23-88823ab9940d	0acc2f69-17cf-4269-bc00-f9e6cc162998.wxs.aliquot_ensemble_masked.maf.gz	e699a2a7-dbff-4122-8114-87d70a56f59f	TCGA-EE-A17Y
de662663-2cbc-4f0b-b138-c56e484f1809	7ca0615f-4ca0-4d3a-b86b-ca1d76a00eb9.wxs.aliquot_ensemble_masked.maf.gz	bc71a91d-8ad1-4bab-a4fa-89470aa4e4d0	TCGA-EE-A20C
002dea57-3ed5-4779-ae8c-d78bb4816c6d	d2786127-ce6d-457a-a994-3beaeb088cb1.wxs.aliquot_ensemble_masked.maf.gz	4274d9ab-679f-453c-b086-7535cf798f0a	TCGA-D3-A8GB
93e17fa9-c010-40bb-bda4-0e71323a1468	6834b8ce-342e-40ad-8ca6-b35372ff274b.wxs.aliquot_ensemble_masked.maf.gz	05f4058d-3066-4d16-8320-cf92f122945f	TCGA-EB-A57M
f615883f-9176-4b4f-8e81-c239e5b4aae9	c6f4d6ca-1588-4416-8c8c-094d5d90ca79.wxs.aliquot_ensemble_masked.maf.gz	fb620e8b-4be7-4e53-af04-8e9c27b4dcf0	TCGA-EB-A6L9
4e7f12f4-ed6e-4605-ab6f-f7a4506503d2	00203b21-6817-4416-96e5-adef8c4059db.wxs.aliquot_ensemble_masked.maf.gz	132cdde9-70d8-4753-8e99-fc4ce3d371a4	TCGA-D3-A3CF
6393930d-ce00-41a3-92e2-8fa0816a1eb2	e74225bc-0d11-43c2-9ac2-c701943ba4fe.wxs.aliquot_ensemble_masked.maf.gz	f581a9b5-8956-4ac3-9375-370c446cad29	TCGA-D3-A3MV
97453109-fbcb-4ef3-9db1-b2c84879e80a	02b271ca-4f78-4861-b68f-cbf3a25ceb0e.wxs.aliquot_ensemble_masked.maf.gz	267b98e7-708f-458a-82d1-5faa415b9ee7	TCGA-EE-A20H
87329e23-87a5-4fdb-9a0e-33e090687a0a	2514b6b0-3242-4526-a061-6da4c60e461b.wxs.aliquot_ensemble_masked.maf.gz	42fb358c-cc9b-4963-9d16-4a7aa915002a	TCGA-D3-A8GJ
50c7253b-86b5-423a-8fdb-12b33df231b4	7e36b9b3-c262-4547-ba7d-6f6367d79a06.wxs.aliquot_ensemble_masked.maf.gz	32e40e0b-e74b-428c-acd3-84ec6a80c024	TCGA-EB-A5SF
6a234bfc-edc4-4d31-8ce7-a73bb4499aa0	8412ea5e-8678-41be-894d-b455a663d323.wxs.aliquot_ensemble_masked.maf.gz	d5f8b18c-8ae7-457a-aa3e-c4bd77b276ab	TCGA-ER-A19C
fc9fa668-1e2b-413c-b74b-140f65f62cd2	5c19a29b-16f9-42d6-808b-160013b1836e.wxs.aliquot_ensemble_masked.maf.gz	71115011-ff31-45a1-9949-dd69a51cac2a	TCGA-WE-A8JZ
663ae6b8-b760-46f0-8422-375ffd47e65d	9d410c30-413e-49e4-b96d-d54c84aa169f.wxs.aliquot_ensemble_masked.maf.gz	c714c48f-a18c-4110-a82d-3cc95c315afd	TCGA-D3-A5GR
deb9d4c9-706e-4b16-aacf-ad67671677f8	3a0da4a6-0c7d-47c1-8f06-2cccaa535023.wxs.aliquot_ensemble_masked.maf.gz	29bcb876-5a91-4d56-af47-7b4c856c151f	TCGA-FS-A1Z3
14496e3c-58f5-44fc-b3de-72797401ba60	a07d4ff9-e02b-46f2-b00a-e8fdcb3afa4f.wxs.aliquot_ensemble_masked.maf.gz	015ba831-106b-4b84-9e8c-243a9eeeebf6	TCGA-EE-A3AF
366baee5-9227-4d12-8ab4-f570430b0ab0	c0e70d69-7710-41df-8018-5707d4067e84.wxs.aliquot_ensemble_masked.maf.gz	f11b1e99-c14f-442e-acab-6353a5c77266	TCGA-WE-A8ZX
3bfcb35a-16cc-42f7-ba4f-4d77e0747209	134638b3-f509-42db-8dab-48e1a9403653.wxs.aliquot_ensemble_masked.maf.gz	0bb8c284-412b-4bbc-a508-d0a21db376cd	TCGA-ER-A19F
a0a1767a-0748-404c-8eb8-dfe53531e26f	ebd8773a-206e-4d5a-b55f-ac4f0b132d93.wxs.aliquot_ensemble_masked.maf.gz	dde0b2be-ea43-4de7-8feb-ccdc073c6978	TCGA-EE-A181
d0f34f2b-a414-4a67-b0d8-6cf6b853b43e	b67dbca7-6dd2-4f06-bb8c-ad01729a12d7.wxs.aliquot_ensemble_masked.maf.gz	2bdb65a5-4b72-4379-822d-69cc41fd663f	TCGA-QB-AA9O
b9af2959-1e58-4b5c-ac84-22de006abf5b	809fba2f-ed20-412a-b617-05151f460db8.wxs.aliquot_ensemble_masked.maf.gz	236ef9ca-9362-44f3-a36b-2a19509bab9d	TCGA-EB-A4OZ
8d913ab1-ef3b-44c2-add6-b9cd011c7ff4	8ff86e0f-b40c-4414-8137-117b993a231b.wxs.aliquot_ensemble_masked.maf.gz	197ac33e-d5df-40de-92f2-6ef7fe2ad6dd	TCGA-BF-A1PX
aa19ce0d-d188-4d83-baae-f0074c74aec2	f94fb582-5efa-4377-8144-d44a1f2f5588.wxs.aliquot_ensemble_masked.maf.gz	20ae4c90-ea2e-42e8-bc0e-f0e6be0dadeb	TCGA-D3-A2JN
7fabfb76-91d7-4921-9a90-850e4895be89	692b3569-4783-44d8-afaa-e833e2641bb5.wxs.aliquot_ensemble_masked.maf.gz	3409f118-1798-48d6-9556-12a5c77ebefb	TCGA-ER-A19D
75554d8d-cb8c-495b-9749-349731add27a	70805beb-cb0d-4d8e-a620-8fc270153cfb.wxs.aliquot_ensemble_masked.maf.gz	2f0661e5-5006-481e-9b40-7b1ec96eaa3c	TCGA-FS-A1ZJ
5c0189bf-db6c-4787-b97c-83505c585614	89f5375c-57b6-4c1a-a8d5-cf192a9c3c0f.wxs.aliquot_ensemble_masked.maf.gz	29476d6a-0d06-4a18-8910-c0502f6539ff	TCGA-D3-A1Q3
5ccfdfac-4a90-4a3a-8a00-e3c07b11265d	9abc9572-0b7c-451e-acee-5880987f2eee.wxs.aliquot_ensemble_masked.maf.gz	ec4c4296-6ab4-420c-80a4-e7a34b9bf4a2	TCGA-GN-A9SD
78e6a8e5-f9f5-4eed-866e-0fdad4af95ac	35cd4586-574d-4b17-929a-15cbfef113a6.wxs.aliquot_ensemble_masked.maf.gz	0153f141-625e-4623-9f8a-296678002c63	TCGA-D3-A3ML
0bd232fa-de0f-4819-a600-30f74f8c2573	9192d6ea-21cb-4789-b9ed-9119956bc16c.wxs.aliquot_ensemble_masked.maf.gz	49a6f6a6-bf6f-45cf-93dc-b006b4a0637d	TCGA-FS-A1ZW
239e5e8d-8b14-486c-9f94-6dc3064b8e59	62631bb1-1d89-419b-b22b-7a3a07799bd7.wxs.aliquot_ensemble_masked.maf.gz	2f5d8110-35c7-419f-8b35-bc3040f940f3	TCGA-W3-A825
44b2cec3-018f-4d0e-9977-e1286409155f	343a0128-8c5b-4007-a665-bbe5d77c624c.wxs.aliquot_ensemble_masked.maf.gz	320a2dca-ee07-4d14-a7b8-178636636880	TCGA-D3-A8GQ
2eb523ba-a6c3-4c31-918e-f10ac9d5e2a1	d5da5795-25da-4300-9e0a-f5938aeced1b.wxs.aliquot_ensemble_masked.maf.gz	41c4f51a-e908-42f9-9805-5cff5b12708c	TCGA-EE-A3JA
296a905f-e5e8-463e-a64d-b9dee11571e9	3a3681c2-09b4-47b9-8697-001dfbcc4cb5.wxs.aliquot_ensemble_masked.maf.gz	46801be1-f035-421f-aae4-81baf3bb8d40	TCGA-GF-A6C9
9e8fdef4-0e0f-4a1f-b4bb-a86ff9008fd3	13f136e9-d6c3-4e89-93a4-1fae0d9d9853.wxs.aliquot_ensemble_masked.maf.gz	41fcb9d3-9fb0-4625-98f4-1f564095ebc2	TCGA-ER-A19A
3ddf9aa0-80b7-4182-adee-68f7ffe463bf	d553bf46-8e83-4247-8e73-32dddda84e68.wxs.aliquot_ensemble_masked.maf.gz	436a0116-eada-4b8f-aafe-29eb7f3241c4	TCGA-FW-A3I3
349ea59e-e1a9-4809-8d07-727ab0485fdd	71afd7ca-1d08-4439-b7f5-036793b00986.wxs.aliquot_ensemble_masked.maf.gz	4811d530-ae99-4670-9f99-86996d667676	TCGA-EE-A29A
304281d0-42f9-48ee-a319-30dfb7a58447	5c8244ca-aa01-4553-9fa3-04dde09c0bc7.wxs.aliquot_ensemble_masked.maf.gz	44eb0daa-a3ed-4ab5-a3e8-91911bab0dea	TCGA-EB-A5SG
187ccbc7-0d31-4bea-bb49-6da15576a400	2045d62d-010b-4f44-9fd0-eb2a4e2e38f7.wxs.aliquot_ensemble_masked.maf.gz	4a2135bd-31ff-4564-9e87-1164b3422f61	TCGA-XV-A9VZ
d64ae313-9669-451e-98af-eb853839cfd2	3782f79b-5f37-460a-a06b-52d504e00796.wxs.aliquot_ensemble_masked.maf.gz	4a4f5ee9-b588-4357-b058-effbfb53e2c3	TCGA-EE-A2MS
9f3a52a0-ccdd-40b9-98e0-057b2c84fdeb	7b28d22c-2457-4982-8d1f-448ccb998304.wxs.aliquot_ensemble_masked.maf.gz	4a9e5dc0-6fc3-47e0-8470-dac16ce16da3	TCGA-W3-AA21
e246b9b9-ddac-46ce-baba-ed13871e8131	37788a7c-e382-4ce3-824d-97a04cf12f93.wxs.aliquot_ensemble_masked.maf.gz	4cdb18f5-47bf-475f-b34c-fa4912515268	TCGA-FS-A1ZP
dd8138f1-8220-4e84-9ea0-1df5af7535ad	5d13db23-0aca-4d9d-b372-b35fffa4182d.wxs.aliquot_ensemble_masked.maf.gz	4d22dce6-0f25-44ee-89e7-5b5ee2ee9799	TCGA-FS-A4F2
02de9cd7-94e2-470c-b2ac-9fe6285b50db	629c9457-eee7-4c25-bab6-3ab6d50a7c58.wxs.aliquot_ensemble_masked.maf.gz	4f7e7a0e-4aa2-4b6a-936f-6429c7d6a2a7	TCGA-D9-A3Z1
0abe7ced-f0cb-4102-8725-64d7ca23caa0	983c023a-6208-47c5-bed5-20b961da8a98.wxs.aliquot_ensemble_masked.maf.gz	50e4cdbc-b10b-4c6c-9981-68defa1a8fe0	TCGA-D3-A51H
4dea655a-bfa5-441c-aaf9-cdb92771023f	5e8a3221-8754-4747-ab5f-47d26cea362f.wxs.aliquot_ensemble_masked.maf.gz	36f4be75-cbcf-431b-9199-dba295a905a1	TCGA-W3-AA1W
3d636944-83b9-4075-b94e-f683105e1f18	d03e3cee-5c73-4756-beb2-0fea6f04558f.wxs.aliquot_ensemble_masked.maf.gz	3791bd88-c61e-46c3-aaa4-942c2169887c	TCGA-EE-A2MC
c483492c-5190-4869-8d7e-cfa9f1273f8a	36a4a924-17f2-4255-b6a4-117da19d21bc.wxs.aliquot_ensemble_masked.maf.gz	51b4e55c-5307-4a13-9b2a-fbd58575335e	TCGA-ER-A195
af834040-557f-4378-82aa-a759c8bf2fb7	f1975cab-e73a-49f9-9ce9-9d9181c6ad96.wxs.aliquot_ensemble_masked.maf.gz	551e071a-c290-4b48-9000-f64c2a44dfb7	TCGA-3N-A9WC
258c1dab-af6b-43b4-80f3-4aeccef7283a	bc334b41-ffc7-4b63-bf24-a97cc473934d.wxs.aliquot_ensemble_masked.maf.gz	3e39c93e-ccae-48d5-9b27-62dae0e75c07	TCGA-BF-AAP7
3f95f1b6-ebe6-40ee-bbb2-fa96078ca7b5	2f160578-1632-41ed-8108-8b779f972fbe.wxs.aliquot_ensemble_masked.maf.gz	588a48f7-947c-463e-8991-9a4ee82683aa	TCGA-D3-A8GS
1618182c-22fb-4aab-9478-2dbd2423313e	b701606c-42a8-4efb-b709-b32d5b8dbc9e.wxs.aliquot_ensemble_masked.maf.gz	40005536-5325-4063-929d-0917726607cb	TCGA-EE-A3J4
78eab2e3-7d89-4d6a-a49c-f63ccac286fd	41698e0e-93db-4b9d-8349-a7ca1bac1267.wxs.aliquot_ensemble_masked.maf.gz	56ee81ed-242a-48ca-92a8-49973469a697	TCGA-D9-A3Z3
e6d31646-d920-47ab-8001-c59808876ae8	dd9260a2-bae8-4aad-873d-f1282308320c.wxs.aliquot_ensemble_masked.maf.gz	6fe664cc-e66b-4abf-a7d2-08bb4ce8eba3	TCGA-EB-A3XD
6762846a-e369-4bfa-8510-2332102bde5a	5d1beea5-395a-46c0-adf5-272cdf16b3c9.wxs.aliquot_ensemble_masked.maf.gz	61b777f6-a59a-4500-ad33-107e2c9254c1	TCGA-GN-A265
65876ebf-2bd3-4629-9692-fa9a29266371	acea4706-d3fe-4e98-9bbf-c336a7145743.wxs.aliquot_ensemble_masked.maf.gz	6625ce3f-3a1f-45f9-aa42-ab1931d6daf4	TCGA-DA-A1IC
49f20c2a-58e4-46dc-b03e-1af51b7588d4	e6b1c957-8bbb-4e91-aee4-11da91e3a9bc.wxs.aliquot_ensemble_masked.maf.gz	62393dab-ab41-4785-9a57-aa4c25d223e9	TCGA-BF-A3DJ
59bbf541-4c55-4b25-82a2-20161aa355a0	9cf6f63f-96c8-406b-8ba8-465ab715d55d.wxs.aliquot_ensemble_masked.maf.gz	800d3a17-269f-4d97-94ff-8585f20038d8	TCGA-DA-A1HW
23b6e639-81e8-42d9-a645-6e5c69d84a19	74ee5b08-f99c-40dd-aac4-b617c4e672ed.wxs.aliquot_ensemble_masked.maf.gz	807fb56b-bbb9-4df7-9a1e-d1fa627b425a	TCGA-YD-A9TB
bf78650a-6777-4748-8284-a356b63af06d	3594dae5-7750-4b70-9032-20b051deb086.wxs.aliquot_ensemble_masked.maf.gz	960899ed-b61b-4b20-b16d-e37dffb01aa3	TCGA-EB-A553
0fcf245d-d774-4854-baf8-cba8066023e5	1d2b3440-a704-4250-9914-ed9522af9000.wxs.aliquot_ensemble_masked.maf.gz	889ae822-add8-4a10-abe0-50176c858f80	TCGA-FW-A5DX
911a5d7d-a20d-4497-bef6-7e1447c3ee90	1b87583b-8508-4b14-aa20-da057efa72d6.wxs.aliquot_ensemble_masked.maf.gz	90aa7540-93e7-4ffa-9e77-879198be1e7b	TCGA-ER-A19G
b1dd6248-4e2d-4e22-ad47-9d00b8acc406	533df9bc-171f-4680-9129-b3b787a86bce.wxs.aliquot_ensemble_masked.maf.gz	8aad9690-d1ad-424b-9a80-d7980760d093	TCGA-EE-A29N
49334dbf-aab7-4b50-a940-16d9e7646fbb	70fa1a4c-6667-4ebe-8705-60f7c93a3128.wxs.aliquot_ensemble_masked.maf.gz	9937259a-9d47-483c-8773-b3c60e02a653	TCGA-FS-A1ZM
323f6c0b-967d-4c1a-acc2-7b27a71b3dab	90c33134-03b1-4d57-a3e5-4b263cc21423.wxs.aliquot_ensemble_masked.maf.gz	8b93bdb4-b64b-4940-a814-f5b3f5ae56cc	TCGA-EB-A3Y6
40e9d5f1-355d-4b88-aecc-f76391942fb2	bb668634-9670-4c4e-bb13-b855e5540a41.wxs.aliquot_ensemble_masked.maf.gz	8c54fcfd-999f-43c5-b31f-26d006f5fff3	TCGA-D3-A1Q1
f8a65fa5-be64-442e-9ddc-ac9b4585e0ad	9f15fa46-28a2-4aa0-96a9-ce1c2946a7b1.wxs.aliquot_ensemble_masked.maf.gz	a9255dcb-b236-4777-ac43-555e3a5386c3	TCGA-EB-A3XB
1e2fbcd3-fa2d-436c-adc8-ba5ce29f534a	55611d3d-a88a-4b86-ae1b-467599192f9a.wxs.aliquot_ensemble_masked.maf.gz	a5286cd0-403a-421b-ab58-11e250740b00	TCGA-EE-A2GJ
5ad9022a-eab7-49a5-a23a-abab937ee3b7	74d297eb-fb64-4af1-bee4-a5f91625a4e9.wxs.aliquot_ensemble_masked.maf.gz	ab7eb3ec-bd87-4e49-9010-b51b17148f7c	TCGA-GN-A4U9
c11b029e-0f23-4f9f-af37-d0cbd25541ea	f51baa4b-0b68-4b27-9203-f39667753d5f.wxs.aliquot_ensemble_masked.maf.gz	c061ae6c-7a02-47c3-aecd-a56487c01603	TCGA-EE-A2MI
28da0c21-60ab-404a-a6de-ef5907bb2f9f	2f22cc61-b9d5-4097-a1df-0b7451471dcd.wxs.aliquot_ensemble_masked.maf.gz	a3df4ba6-538e-4b53-a356-eb1ef743b2ab	TCGA-FS-A1ZY
75047559-01f2-4146-95a8-ae679491df62	512edd41-5baa-4c77-9a7c-684ef708b18b.wxs.aliquot_ensemble_masked.maf.gz	e5bc45ce-8a14-40b5-b9b5-ce45609fef3a	TCGA-FW-A3R5
2fecc9ab-1909-4914-acec-f4f902c17235	05c49d21-bc4e-4fad-94eb-d37608976ad1.wxs.aliquot_ensemble_masked.maf.gz	d32a4219-4cca-470f-b6b3-11447d9f5e0b	TCGA-ER-A2NF
1f8ec88e-0ed7-4aec-afe9-ed054c742510	6e09e09a-3a8a-4f4d-afbe-b9a63c1413f3.wxs.aliquot_ensemble_masked.maf.gz	6250b800-f72e-4c8e-a0e0-206049398ba7	TCGA-D3-A5GT
5b01602c-a56e-4583-ab4d-7ca8d4099fa3	f9f1e576-4dd3-4aaf-aca2-88b0ca4100a5.wxs.aliquot_ensemble_masked.maf.gz	c9dea107-fc12-4559-ad27-2800ae6b42e4	TCGA-EE-A2MM
5ed88ce5-56c9-4a42-8f62-3ac6de8f88f2	6240411c-11b4-4f95-85ed-db4ed39482d8.wxs.aliquot_ensemble_masked.maf.gz	691a5156-281d-4fd6-b44a-299a3e8dc3e3	TCGA-ER-A42K
9253e93d-b708-458c-beb6-8940ab158224	b35d933a-a208-4429-b95e-2be399c3525e.wxs.aliquot_ensemble_masked.maf.gz	04add7f0-d212-486e-ae70-d41d8112f523	TCGA-XV-AB01
f31f935a-a41f-4046-8b9d-34174ec89d5f	de2b7283-35ac-455f-9325-ebb68db08ebe.wxs.aliquot_ensemble_masked.maf.gz	68f75ab5-9d77-40c5-a8ce-f56016bbe9e4	TCGA-DA-A1I0
f1b47436-bc2a-48b3-8104-7e8850b14a38	c16be72d-0760-41dc-b828-dbe5d0b46ac3.wxs.aliquot_ensemble_masked.maf.gz	555bbd13-8ad7-43b3-9087-001db30089f1	TCGA-EB-A3XF
ac0f3bd9-7c40-4b29-a8e0-4bae752e1d8d	6263a081-0c9d-4be0-8650-856d77e6852b.wxs.aliquot_ensemble_masked.maf.gz	69c0ef46-3117-46f3-b36e-581eb03eb829	TCGA-ER-A19O
07f79d00-250d-4f4d-9b66-e90b3322bc58	cd632709-021f-488e-a1b0-13423d80b814.wxs.aliquot_ensemble_masked.maf.gz	7b7a49b5-5be8-4966-8f3a-e6e01e694f86	TCGA-D3-A1Q8
3cfce933-f233-465f-9f89-3d438db3c49f	998b9cde-0948-4ba7-98cd-7f34ded1eb27.wxs.aliquot_ensemble_masked.maf.gz	c6be76d4-a1ba-4dd6-84bf-3b30cabe144e	TCGA-GN-A268
dc855ef5-c084-4e42-b562-2f9f64e1e13d	9c54d7fb-5533-4f3b-8d27-f43462391f2a.wxs.aliquot_ensemble_masked.maf.gz	c03152cb-c6e6-47e2-a1cb-2354260a3661	TCGA-D3-A5GS
02240a6d-b9d1-497e-b2e0-68cdecb82b99	b2e1aa28-d939-423b-b3e5-298b3889d910.wxs.aliquot_ensemble_masked.maf.gz	0797caaf-18ad-41c6-820a-e96554d14b31	TCGA-EE-A2MN
61e4951b-fce7-4db8-8b68-29f3f8e06c77	c02b21b8-ce62-4d98-a4d7-fd34f2139b33.wxs.aliquot_ensemble_masked.maf.gz	1af5d168-a3ff-4648-b195-ede2e7a5ca26	TCGA-EE-A29M
18b534ec-8ff1-4d6d-95cb-1df2ced7badb	992c27ea-742a-4019-9e56-a879aaadb0c2.wxs.aliquot_ensemble_masked.maf.gz	2bbf00f4-7798-4dad-9894-96202c9132be	TCGA-ER-A194
1e372b7b-b232-488a-8dd6-6c2aab1774bc	0380abd6-c0f5-4b26-b454-e58da88ad080.wxs.aliquot_ensemble_masked.maf.gz	854466bf-b943-4acb-b4f1-6b285cb813e3	TCGA-D3-A5GO
bcbe28f6-f4e2-4265-b5ad-7f09815d79b4	393ee2ac-565a-436b-a190-5a3f7d3ed1de.wxs.aliquot_ensemble_masked.maf.gz	5f6df69c-4ebf-4811-8b28-ad393dfbe1a3	TCGA-ER-A19L
ede000f8-248e-46be-917c-571096fcfa59	318c7710-5f0b-4bf9-9b4a-25a4cd24f668.wxs.aliquot_ensemble_masked.maf.gz	d7ade261-b624-4e47-8a82-591bf1a8faa4	TCGA-DA-A95V
e5acc676-57af-4cd0-b921-6dae0be54b85	ee8bf404-4c02-4543-ade2-acf238ed3a79.wxs.aliquot_ensemble_masked.maf.gz	6a1818f9-9303-41b0-b3b7-07faf5055c86	TCGA-EE-A29Q
291850b2-1716-46a2-80b0-fe0a18a860c7	7a638f3b-f9aa-4aea-b76f-8df33ca594e2.wxs.aliquot_ensemble_masked.maf.gz	5f07d78a-44a1-4002-a55c-5fe01b35d669	TCGA-BF-AAP0
a6abbbd1-bba8-44df-aaac-9b9d3045319c	09db08d3-b296-4176-9a6a-53f3c70603c9.wxs.aliquot_ensemble_masked.maf.gz	11463605-7086-48f4-b9bd-027715071880	TCGA-GF-A6C8
05c1300e-51e0-4651-99e6-2502d8d6f171	3a820cbe-62fd-4e3f-96c3-4a8346116f9a.wxs.aliquot_ensemble_masked.maf.gz	71b347ac-6ac6-475d-8e21-754764180948	TCGA-Z2-AA3S
1b78f8a6-193b-40f9-9202-72751d829d92	bd258519-966a-4d17-8297-6a281541bc53.wxs.aliquot_ensemble_masked.maf.gz	9b99ffee-fe9f-4be5-a00a-ef86627282a4	TCGA-EE-A29T
76cd67a1-6f3f-46a2-b7e3-e7ffed7258ae	30b45c8c-8c1d-4c09-bccd-1830aa081b42.wxs.aliquot_ensemble_masked.maf.gz	259b4d49-7cfc-420f-ba5e-65febc328ce4	TCGA-D9-A6E9
17e2498b-89e0-4da1-8b7a-51df96439ed9	c66b14d8-c5c2-45b7-b68e-563046417401.wxs.aliquot_ensemble_masked.maf.gz	a5f95c6c-e25a-4ad8-bd5d-fcfd8a31933c	TCGA-D3-A2JD
068ba989-5700-4590-b6f8-40afb81204f9	cde3c357-75fe-4f83-a1e8-a55c0dad563d.wxs.aliquot_ensemble_masked.maf.gz	5bf40b29-d722-430a-91bc-cad941ee3694	TCGA-EB-A6R0
0c60958f-7fc2-47c7-8d82-bbced14ba408	ca3c30ca-e0ed-4af4-9aa3-34fc030e2163.wxs.aliquot_ensemble_masked.maf.gz	0b1f4f52-12ec-44ab-8283-a502bdf48c3a	TCGA-D9-A149
54c5381a-d255-46d4-b584-0c0c997f208b	6af4d7fc-9263-48c1-b488-00ee0a15855a.wxs.aliquot_ensemble_masked.maf.gz	53de8f81-a226-4ab9-bddc-856ffd111817	TCGA-BF-A5EQ
de2855be-2eda-425c-bb77-1196811e87a9	d193e19a-bcf4-4c42-a4ea-8c224816167a.wxs.aliquot_ensemble_masked.maf.gz	b770ed96-a48c-4e88-8db6-b2d1a1619da2	TCGA-D3-A51N
b4a3ae83-b5d6-4a2e-a6c2-fb436c135eab	cb1dad76-7629-45d1-a861-311939bf2ab2.wxs.aliquot_ensemble_masked.maf.gz	0e2af161-5a1e-47e1-a7ef-010e47b8cb40	TCGA-EE-A2MF
b9c8505b-fac0-4764-94da-40d2fcaecd3a	8abebbbf-51e1-46de-aa27-2d64cacb247e.wxs.aliquot_ensemble_masked.maf.gz	1e3bc429-50eb-4087-b39a-6d92f03412f7	TCGA-D3-A8GC
863557e9-2406-4c77-b39f-c77493236ea1	3ab2ca24-bc00-46bd-9d0e-4a05de0e78e1.wxs.aliquot_ensemble_masked.maf.gz	19322032-c144-4962-b886-37606dad33b7	TCGA-D3-A2J7
ca04b183-3d7d-4966-bd68-500e9eadbe55	3570b4b9-d0e5-4fdf-9520-4026f2fcad26.wxs.aliquot_ensemble_masked.maf.gz	3b62e38c-d473-4329-86ab-5d4977f92b09	TCGA-D3-A3C7
3209b7d6-b224-4c8e-870b-52a1b7f24aaa	cd5a26f8-1e0b-43e2-8a67-d2f99df1bb5b.wxs.aliquot_ensemble_masked.maf.gz	62e928c1-df8b-4771-ae46-5da40794daf2	TCGA-FR-A3YO
1f159e4d-95d6-4e99-befe-0ea5cbfe50e7	b6699c82-1789-4999-abb7-770dbad3ffaf.wxs.aliquot_ensemble_masked.maf.gz	e0d36cc0-652c-4224-bb10-09d15c7bd8f1	TCGA-FS-A1ZF
59a0f2fa-2d63-45a9-9eec-8d1f5dcf0214	6a8767ea-a9e3-409f-8d98-ce2c76d1ba2d.wxs.aliquot_ensemble_masked.maf.gz	16182443-12a1-4b0f-a6ab-33c2942e2991	TCGA-D3-A3C8
7b340437-8656-4fd3-adce-83d956d2a9b0	f2896a52-686c-4247-82c6-8e27c900fb6b.wxs.aliquot_ensemble_masked.maf.gz	f7368803-c545-4407-9a14-2220560a8f80	TCGA-ER-A19B
c8c5efd8-71a4-49e7-ae0e-a8239f819471	c7149115-6354-4df3-8809-0cccaeafffd2.wxs.aliquot_ensemble_masked.maf.gz	449c9d70-d8aa-41d4-beeb-0bbfc73a23d8	TCGA-EE-A2MR
9be307ef-18b4-460c-8286-026cc90d9404	2f24b973-024d-40a3-ab44-795580a13aa2.wxs.aliquot_ensemble_masked.maf.gz	1b3f92b7-658a-4bbd-b086-20c1cd976d54	TCGA-ER-A2ND
14e80aeb-e847-4dd9-9362-f63fdb49be0f	8628980b-73e2-4de1-9574-5f87809fe24d.wxs.aliquot_ensemble_masked.maf.gz	bda2f09a-82c4-40ec-90e8-0bf63916a5c7	TCGA-ER-A2NB
e58f5a94-b440-4fef-b5ba-30ab07b76eb2	dc822d45-b366-4810-95f9-6f9116704244.wxs.aliquot_ensemble_masked.maf.gz	18e7b73c-4520-42cd-ac9b-23bac1c8ecc6	TCGA-FR-A44A
dfe24dac-9f02-43f4-8234-319a40888e96	93fc797c-8641-45c0-b4db-a875c5ecf1d8.wxs.aliquot_ensemble_masked.maf.gz	7ee2f8d5-6c31-4f5f-a779-b43979e66d0b	TCGA-EE-A180
5cd03113-946f-4247-9baa-da4a190d4077	f3dbf6d7-daa9-4cc5-baf5-1da3a4c6b917.wxs.aliquot_ensemble_masked.maf.gz	6668acfe-1594-42c0-b839-8a592702675f	TCGA-HR-A2OH
146cf009-3d9d-48f1-8e82-856170de0eff	3a3f245a-0631-4905-87a8-76f7f2ca8422.wxs.aliquot_ensemble_masked.maf.gz	080bb1f8-f20c-4daa-9de3-b5782b69583c	TCGA-EB-A5VV
2ad26e4e-0d35-4339-8f66-7feeb2d94134	9fcdc81a-e69f-4b8a-a63b-af01cfc889e0.wxs.aliquot_ensemble_masked.maf.gz	0f1fb775-c4a2-4a1e-8b09-f935233cdaee	TCGA-EE-A3AD
02968475-9790-4408-92c1-54877d8b17c0	890a3079-b429-4e66-bf39-9cd20247fc1a.wxs.aliquot_ensemble_masked.maf.gz	d32a4219-4cca-470f-b6b3-11447d9f5e0b	TCGA-ER-A2NF
d92e9cff-f2d4-49f6-a94a-ba8d8b5c1408	5683c5ee-837b-4129-b465-21d393a7f19d.wxs.aliquot_ensemble_masked.maf.gz	08d2b181-2b6e-4754-bfa9-5a94a1f18526	TCGA-GN-A263
df3f3eb0-e8c3-4d12-9a10-435efac6eb68	633e735b-22fd-47c5-ad45-8956c932ad44.wxs.aliquot_ensemble_masked.maf.gz	021d32b0-a94a-4dad-95f4-8eb0abd894bf	TCGA-HR-A2OG
ff51cf62-4c7c-4dc1-b527-c1fbe9d4ec89	311f12da-2090-4443-8662-53ede0d838bb.wxs.aliquot_ensemble_masked.maf.gz	b85b14d7-3b5a-4800-af12-622ec03b9fe5	TCGA-ER-A19T
c75391f1-aeb2-4ed9-91ea-3e9a4cd8e42a	be741107-90f4-4d24-855a-ab5ad59276c5.wxs.aliquot_ensemble_masked.maf.gz	2f1bbe96-49d9-417b-bc9c-a09992489340	TCGA-EB-A24C
d465e887-43f2-4f28-a1cd-03b2acb55279	d80d0141-8821-4eac-9d72-903176e20217.wxs.aliquot_ensemble_masked.maf.gz	e952fd3d-8e99-4199-bbcd-03c9a3430ee2	TCGA-ER-A19W
77af0fde-6cf6-43f9-81e4-0072fa296958	8a61e50e-6a37-46eb-8864-a2f276b63084.wxs.aliquot_ensemble_masked.maf.gz	962ff090-16c0-438b-8213-86b2bd306e4c	TCGA-GN-A8LK
c4976371-c49d-4539-baea-e4cc0433848f	b0133b28-8184-41ca-abda-83a8afb1b84b.wxs.aliquot_ensemble_masked.maf.gz	7b92fcd4-f9be-4b97-94a2-b2e8348aeaba	TCGA-DA-A1I8
98f4cf69-4d09-4c5f-93a2-578777d47faa	0305b3b5-f091-4afa-9347-fc46aa9a9738.wxs.aliquot_ensemble_masked.maf.gz	92116b0b-e614-4a27-a3c2-207e561c788b	TCGA-XV-AAZV
bf4434e5-f531-4f2e-a367-365930d9b578	d0dbb582-d46f-4933-8eec-b0e7e253200e.wxs.aliquot_ensemble_masked.maf.gz	4afa82f8-b317-4763-808c-c944ca6661d3	TCGA-ER-A3ET
eb4a0ff4-e72c-4f3f-bfb8-bd064dce47a2	95400afd-5ce6-4464-857c-2d5ca181988d.wxs.aliquot_ensemble_masked.maf.gz	95f469b1-e109-4d0e-b9aa-2060207f8a03	TCGA-D3-A8GP
7fec601c-4e24-41c9-a9c8-fff7ade1014f	3457c3d5-bdb2-4c51-ba2d-00ec90ffb8e8.wxs.aliquot_ensemble_masked.maf.gz	0e597498-44ad-40ae-bb83-f1b27388ec0a	TCGA-D3-A3MR
899a3342-877d-41f0-8b54-632624c5d533	6998a63d-a2bb-48d2-929e-89035956702c.wxs.aliquot_ensemble_masked.maf.gz	0dcd7af7-ea83-4131-821d-a17943919c1a	TCGA-EE-A2MU
23f289c7-10ba-4ede-bb52-749dbdb06753	1ef4e3b7-eefc-4a48-a244-ffd9a75be3af.wxs.aliquot_ensemble_masked.maf.gz	b829885f-8681-4b00-b301-8b0e0c2c6684	TCGA-D3-A3CB
a12b60b2-9751-4ce6-8350-9f961fb419b7	20537ef8-116f-4429-82b7-648f09d70878.wxs.aliquot_ensemble_masked.maf.gz	19e9ba4b-8f8e-4899-b667-b49fdd7ef6f4	TCGA-YG-AA3O
8ae18f0d-4440-4a21-a786-ecc940ba4f34	5e7647b1-ab90-4153-9e26-afd2cec68c54.wxs.aliquot_ensemble_masked.maf.gz	06f09d1c-ba44-4cf9-a518-762d241a30db	TCGA-EE-A2GP
281458c5-bbb5-432b-90ea-31748a6df00e	327bf216-2f59-4a09-94ad-61a1b2489b72.wxs.aliquot_ensemble_masked.maf.gz	0eb0b477-1c7a-4416-895a-ea6463dbe847	TCGA-EB-A5KH
0e2bb5bf-7542-47df-b39e-e0c9b443faab	7fc11106-6491-43f4-93f7-324902f438e6.wxs.aliquot_ensemble_masked.maf.gz	24faa36a-268d-4a13-b3ae-eacd431a2bcc	TCGA-EE-A2GU
e30b2580-14e5-4e03-8d11-1e74f63726e5	f847f1aa-80cb-4bf4-a322-cbc354c6383e.wxs.aliquot_ensemble_masked.maf.gz	2ea7ad21-3324-4eda-8c82-fc2ceea2fc73	TCGA-DA-A1IA
9ee3ebc8-5688-4f32-ab39-78a39835fd1b	2c469377-8e9b-4479-a449-1f5935909015.wxs.aliquot_ensemble_masked.maf.gz	3429967f-4f77-4894-bf27-c4a22698ca92	TCGA-GN-A266
bbb74c1b-32af-499c-99d3-948770f29c00	add0c9af-6dc5-4e66-a244-906f9633a83e.wxs.aliquot_ensemble_masked.maf.gz	26293554-04d3-4fc9-b12e-6a199278ed11	TCGA-EE-A29X
24587f91-94a3-403b-a650-b9ef5d9f11b3	a1b18f14-9490-4db8-a446-32e13b838015.wxs.aliquot_ensemble_masked.maf.gz	ab74d6ed-880e-4470-bfd5-2974a4c3a0d7	TCGA-GN-A267
4c4e6f4c-b86b-4e1d-a724-18ac5385bfa7	efd5d527-2b89-4e72-9989-c9e5d8b99f80.wxs.aliquot_ensemble_masked.maf.gz	2ff77467-19f8-45a0-8d42-2f9a69295498	TCGA-D3-A3C1
14ac1066-7eeb-49ad-bbef-006c8976e5af	a08515c7-c522-42ae-9be2-7a760abba8e1.wxs.aliquot_ensemble_masked.maf.gz	f6ff5e77-60d8-4987-9a92-654fd4db81f1	TCGA-FS-A1ZZ
e558eac3-b11f-44a5-900d-16e9e5bf9ddd	6804c34e-5e0d-4f89-8304-d39049eb4fd8.wxs.aliquot_ensemble_masked.maf.gz	33d7cccb-6349-4337-8c5b-6e3e8b3c7af1	TCGA-D3-A2JA
ec26f783-257d-4ee4-8526-199dcd986bdd	0c276b79-5580-42f6-bea1-e6495b24dbe1.wxs.aliquot_ensemble_masked.maf.gz	47ffe5ef-7d1f-44eb-9307-104771b39381	TCGA-EE-A2MK
9b03c781-bba9-4a65-ac82-12dc8a231099	77b10455-83c8-4739-be3c-35ac2e54784c.wxs.aliquot_ensemble_masked.maf.gz	4801c721-166f-4939-8ab7-aa024bec7089	TCGA-EE-A2GE
8e6ee0ea-d3cc-473b-adff-7fe22e3f81c9	a608b17a-e0de-4036-b5e3-666441e1ecec.wxs.aliquot_ensemble_masked.maf.gz	44b5453a-3009-43b9-bc34-71a11a6d5e63	TCGA-D3-A8GM
bcf1eb35-0aa4-4bf1-97ab-3c4e01e4d31d	302eb82a-041c-478d-a7fd-2531c5eb2dc5.wxs.aliquot_ensemble_masked.maf.gz	44d176db-2221-45a2-818b-eef6832a51b6	TCGA-D3-A51G
1dd2eb4a-a2e1-4137-a586-0a9121cc5e3d	b5fb4b84-e4a4-4800-98e6-fa4b375e2c27.wxs.aliquot_ensemble_masked.maf.gz	49f961af-1126-431d-93cd-18941c1738f3	TCGA-FR-A726
cb71ec21-74e7-45f8-b0a9-c77af319b273	11bd7f27-b09f-4875-be62-b5842ad56df4.wxs.aliquot_ensemble_masked.maf.gz	4537c0e1-b2bd-425f-a6f4-27f4733dc25a	TCGA-FS-A1YX
4598efaf-e57f-42a6-bc40-5559c80387e6	6e7ae545-8168-46e3-8b7f-811ad4be554b.wxs.aliquot_ensemble_masked.maf.gz	455f982c-a067-46ac-bf89-3e535d0ffca0	TCGA-BF-A1PZ
edd361e4-c5f5-44c5-9342-fa43dbf02bcc	83887fdf-fd38-48d9-a5cb-8fb29e7fe2ad.wxs.aliquot_ensemble_masked.maf.gz	4e9d1a69-1f10-4500-9dda-f8eb1ccc6576	TCGA-EB-A4IQ
ad72f3ac-02b0-489e-9102-f6ad53f635a7	e8c11424-0764-4866-849a-fdb14b44e8cf.wxs.aliquot_ensemble_masked.maf.gz	53848dbb-87a1-40fa-a5af-c711ea7c8778	TCGA-DA-A95W
6d3f5e6a-bda2-4b03-8f0a-be1f8a624e88	8af0eeec-a19c-461e-9915-50d31f573688.wxs.aliquot_ensemble_masked.maf.gz	50dc9c63-c491-4afc-ab12-74b40eba58b6	TCGA-EB-A85I
a7b00f0b-13a4-4975-8a3e-34341d5c9511	4f547eb6-d4ab-4e4b-8e87-252dd43d3f52.wxs.aliquot_ensemble_masked.maf.gz	3582fb74-f43d-4fcd-8f22-bb1506fcff1c	TCGA-DA-A3F3
8dd5df48-a002-4a2c-b4f6-c3ba304c73c8	3bd5845d-b067-413d-b32f-29fd725118e4.wxs.aliquot_ensemble_masked.maf.gz	53fbe99c-180c-45e6-8585-796028b3d118	TCGA-W3-AA1R
4c551b9f-bdcf-4511-bf6d-9981f8a1e34e	20ee083b-c78a-408f-8014-9ac506c2a474.wxs.aliquot_ensemble_masked.maf.gz	54782bd7-79be-4e3c-bf99-844e7bb0e5d7	TCGA-EE-A2MP
f1c699f1-ec03-491e-98a9-60cfa48c0f86	43b3c51e-1288-469c-b882-d8f2e729d600.wxs.aliquot_ensemble_masked.maf.gz	3dd5a206-d7f3-42f1-b9cc-4b31c76d495d	TCGA-BF-A1PU
9bf9c6b2-3419-4e8a-a6d7-451cdef1bf55	085aa1f0-7e90-45aa-8be9-516ee4788454.wxs.aliquot_ensemble_masked.maf.gz	391eab51-b140-4bc2-bc8c-99400fba9066	TCGA-ER-A19Q
dc763b4b-a3f5-42ce-98d3-3dd777a7d84b	090c0535-dafb-498d-905e-1ba66a8564dd.wxs.aliquot_ensemble_masked.maf.gz	585a8d2e-cd09-4a61-b7c9-e8f70ce39e69	TCGA-EE-A2A2
649d2303-49db-4732-8b13-744a6b8b13b0	6a0e0992-ff70-4a00-ab2d-8733cdb784a9.wxs.aliquot_ensemble_masked.maf.gz	3b618072-3bf5-4609-865d-ce3611c729cf	TCGA-RP-A693
e739c528-13a0-4dab-a2d8-ab92d74cb224	aca28098-2b7b-4a37-b3f6-cd7aaf89273c.wxs.aliquot_ensemble_masked.maf.gz	2c8d436c-4edb-4083-b23f-9a33307d5bb2	TCGA-HR-A5NC
2845ac2f-5204-4161-b0bb-cd5e6ba35352	688d617d-0ce3-4342-bc29-83c19b651251.wxs.aliquot_ensemble_masked.maf.gz	5c091729-7b87-4046-bfa4-41c26c32837a	TCGA-EB-A44R
d2a41d8f-c891-419a-9353-0e025d36fddc	b07f46fa-9ba7-4c66-9c86-2038813a9697.wxs.aliquot_ensemble_masked.maf.gz	2d8868ab-a7db-4cbd-a9af-cc485b29c177	TCGA-D3-A51J
0e8e8b90-280a-41c7-baa2-864739e67327	24b3f2a9-c617-4a2b-8ab4-89c454e6609a.wxs.aliquot_ensemble_masked.maf.gz	5564e6a7-2195-4b0d-994e-b0617b58e889	TCGA-3N-A9WB
2fd62f9b-ac25-4ce0-8cb7-edbced05adf1	15bb3299-e649-4e5c-88eb-0378adade8ab.wxs.aliquot_ensemble_masked.maf.gz	5c567ee6-bd57-448b-ad17-b74eb695b6f5	TCGA-EE-A2GD
3c744a1e-0209-45bc-8b8a-ab19a3f22379	5eba9530-5c2f-48b0-84dc-b851f0e26411.wxs.aliquot_ensemble_masked.maf.gz	58f0ae89-e277-4dff-bb73-777cdf602dc7	TCGA-EE-A2M6
9493e67d-2e11-4cf5-86b4-867dcc1331d6	22942a09-c63f-4c14-a673-c094875ed040.wxs.aliquot_ensemble_masked.maf.gz	5dec1b6a-5d60-463c-9655-fc7ed79ca19d	TCGA-EE-A29S
46587de9-0d12-4dd7-802b-0b0f37db1e0d	d284795c-97bd-42d3-9ea3-88c7b20adeaf.wxs.aliquot_ensemble_masked.maf.gz	6f2ef983-0a22-4a65-9e53-8742ac89a1c4	TCGA-FS-A1ZB
c0c0b22a-b080-4024-983b-58a8d4cdecee	8b97b1d8-512b-478c-ae98-76d5520c862a.wxs.aliquot_ensemble_masked.maf.gz	5bc515c8-7727-4d69-98e9-31bbcb748550	TCGA-GN-A26A
0f6cda05-81d9-459e-812f-68cc098bf2a9	165d2572-6723-4025-9c5a-3e8e6164c345.wxs.aliquot_ensemble_masked.maf.gz	7038de05-4e26-49af-b78a-5a00ce9a120b	TCGA-D3-A8GN
c14aec7c-ff43-4628-9e9b-cf6f32c9c2a9	e6b675d9-3e28-4c27-84ab-3d73b77b8bb6.wxs.aliquot_ensemble_masked.maf.gz	6b02def4-04ca-4ba0-bc48-262c4d8a294c	TCGA-EB-A44P
208c6aca-f666-4bb2-8f2d-67c375e84c9d	3a4ff3f6-6d5c-48ba-9133-c183757de9c0.wxs.aliquot_ensemble_masked.maf.gz	8352cbb0-10e7-40bd-96f0-1e982ab4c07b	TCGA-BF-A5EO
88ddfd29-f7aa-4caf-85a7-ced028b04e82	52ee8420-8fe1-4551-8e9a-89efc0a65644.wxs.aliquot_ensemble_masked.maf.gz	8fc9cc74-f388-49f0-b957-debb62638634	TCGA-DA-A1IB
a281f5b3-d901-440f-b5b4-77650947b1ef	c56003d5-a637-42cd-a6c4-ebbf04f477fd.wxs.aliquot_ensemble_masked.maf.gz	798074d3-0b84-4dd5-aa88-91feda9ac8c6	TCGA-D3-A1Q9
9fb39c0b-da43-430e-8445-6034a0ef6b8e	f261cedd-60f7-447a-af71-2bda48f628d7.wxs.aliquot_ensemble_masked.maf.gz	963858b8-a8b6-498e-989a-271654713772	TCGA-D3-A51E
97ab4e71-9ff4-487f-84e0-2b0e51e674bc	cf616767-082e-4a1e-a055-97c9dc5c434e.wxs.aliquot_ensemble_masked.maf.gz	905ea29f-588a-497b-9f06-2eef3bdc9442	TCGA-EE-A29B
30aff4ed-89fd-45aa-abaa-2e28f4c1f7c5	beaf3b41-e881-4e79-9a9b-4ac32501fefc.wxs.aliquot_ensemble_masked.maf.gz	913f21a9-f727-4983-ab3a-61b5b3fc7f5e	TCGA-EE-A2GH
a15432a3-86e2-4ee3-8173-1d63a41cf350	adedbba0-93bb-4907-9ccb-9575af710dda.wxs.aliquot_ensemble_masked.maf.gz	a20aeafc-9a68-4af0-87ea-532ee835ebb2	TCGA-DA-A3F2
f01c2ab4-75c7-4024-b864-f31410cdbe1d	0b2d400a-6098-4e3a-bcf5-f5b6b5c699b7.wxs.aliquot_ensemble_masked.maf.gz	b44cced8-88db-4769-a1b0-b09d28558277	TCGA-BF-A5ER
f7c67d43-f887-4eda-9bcb-d1f6a1e898e1	49e64060-a618-4f7e-8efd-91d91e7767a7.wxs.aliquot_ensemble_masked.maf.gz	a276671a-02dd-4b94-9408-1c47710791fe	TCGA-D9-A4Z6
8e56fb33-2524-48fa-8f47-1608e1da5856	323da25d-f767-466a-aeba-ea7f6a104c96.wxs.aliquot_ensemble_masked.maf.gz	a92e70e1-c57d-45ef-a822-33b361c22291	TCGA-EE-A2A1
d5862c58-9c99-415e-979f-33190f55a774	f3b87151-4ae0-4193-aa2b-d15f4d53ce44.wxs.aliquot_ensemble_masked.maf.gz	aa55097f-4fd6-45e7-a394-f4122ceafc51	TCGA-EE-A3AA
e6dad36a-24f2-4da1-a19d-3669a3a6846d	04542754-2042-46aa-a268-257103335245.wxs.aliquot_ensemble_masked.maf.gz	a5930bc2-d0e4-454f-b60d-5dd1148d4669	TCGA-IH-A3EA
612583d6-6736-4f8d-b67b-3d24fed5412a	c2985a44-bd27-4bc7-a98e-7fdeb77324ea.wxs.aliquot_ensemble_masked.maf.gz	c8ba1856-d055-4dc6-a184-72763c76aae4	TCGA-EE-A29H
24003ac3-c7ae-408a-a7e1-3d275a3205fb	cfe89195-8fbf-426d-be87-63c488959e8b.wxs.aliquot_ensemble_masked.maf.gz	c3d4caa5-eebc-4276-b1e1-ab9494867b10	TCGA-D3-A3BZ
079b4036-b853-4b31-8a0b-ca4f2bea4d96	af9306d3-4514-4945-b7ef-9bf6af1526d6.wxs.aliquot_ensemble_masked.maf.gz	cfe787b3-8297-4318-987c-bfadd743d767	TCGA-D9-A6EA
325aa0af-e28c-4214-8dc9-c8429ebf77c1	816ed04e-c132-4de3-b651-f03d5f60022a.wxs.aliquot_ensemble_masked.maf.gz	c59a5615-2dd1-4902-a62b-0e312eab5484	TCGA-D3-A1QB
2d55fb8d-ad30-4365-8660-d0626f5654c0	f61f8143-bb8b-4697-a3ff-55b483379293.wxs.aliquot_ensemble_masked.maf.gz	2f5813a8-97a6-4a96-886d-38f29272b16c	TCGA-FS-A4F8
36477dc1-9ca7-409f-a418-aa1e27de6587	17631dd6-cb92-430f-adb7-179a8a739a37.wxs.aliquot_ensemble_masked.maf.gz	51f3321b-ed78-4bdd-aa75-7d632ef53df1	TCGA-EB-A97M
eb860ae5-f342-414b-89d1-db6bd4d816a9	4001d062-2a29-4727-9625-9aea545ac80e.wxs.aliquot_ensemble_masked.maf.gz	5226b25f-e326-4884-af79-916e4bbb701f	TCGA-EB-A3XC
c27a5683-ace3-49e5-a552-09abd7b6d623	d3fc6748-1b29-4e06-a4c6-064c85af5372.wxs.aliquot_ensemble_masked.maf.gz	536e1779-550b-47f1-a204-50a16870a8e1	TCGA-EB-A82C
541b06d3-1014-4ddc-bf11-889380778c30	db5428a6-8641-4232-896c-8aae1791779b.wxs.aliquot_ensemble_masked.maf.gz	3a71189d-aabd-475a-997c-b66cbc978e06	TCGA-D3-A8GV
20412dfe-dc42-4023-a10e-f8be26695927	66960da3-77be-48a5-a224-52863a450c75.wxs.aliquot_ensemble_masked.maf.gz	554270fb-1fb3-4aeb-81a1-f78c30b143b4	TCGA-EB-A51B
221baa5b-eac5-4677-9d71-70a15cd0c3d2	cf779b51-677e-4d45-8080-1ec15090afd0.wxs.aliquot_ensemble_masked.maf.gz	5a4d93c3-8116-4555-b19d-d7acd4b4eeed	TCGA-WE-A8ZT
6d63e694-0052-48ea-9c78-41a9a9716b68	273bc057-fd4f-4f67-9dfe-78d5c7e4be38.wxs.aliquot_ensemble_masked.maf.gz	68567581-0be3-48f1-8dcd-487bc0c1e6f6	TCGA-FR-A3R1
39ac4e92-ee39-41d1-8457-e107c6546ad6	2c113dbd-149a-4654-88ee-d3aa3191c349.wxs.aliquot_ensemble_masked.maf.gz	745c699b-8ecf-4653-b41f-6620f11bcf39	TCGA-FS-A4FD
2b245782-ba86-42d8-806c-0567ad6372d2	c2ea6ca3-275b-4457-85f6-39eab00b774f.wxs.aliquot_ensemble_masked.maf.gz	70f52403-b4d0-4e77-96c5-68ce7265e312	TCGA-EE-A20F
24331339-988a-432b-bd71-4917279570cd	b8823b4a-5847-4466-9f02-85b0fe6f7294.wxs.aliquot_ensemble_masked.maf.gz	74dc56e9-0076-458b-a12c-d50d7f057c47	TCGA-D3-A8GD
0cf5bf0c-a5d8-4939-9438-cf8ac4bf9091	05db37b7-6261-48c1-b5df-d1f3acc0bebe.wxs.aliquot_ensemble_masked.maf.gz	7b617d72-ae16-4829-a1d9-274d1d30617f	TCGA-YD-A89C
d4b9bcc6-6b4d-4cc0-8ee1-91b76dbcc874	c6a0f5a0-96b0-42c2-b8a5-0ba0f8fdf1cd.wxs.aliquot_ensemble_masked.maf.gz	81cedb9e-ee43-476b-9ed9-8d0fdb346065	TCGA-EE-A2A0
15784a44-ef5b-420c-a436-9b6839fbec7b	1d579634-137f-4f7e-b889-2cd3e035ef7d.wxs.aliquot_ensemble_masked.maf.gz	82e85ac9-8e3e-4c2e-ae0b-a32ceeb8115d	TCGA-EB-A6QY
d6ba8778-3b89-405f-895f-a74bf054e860	d0a38373-91be-43c9-9190-389c5229baaf.wxs.aliquot_ensemble_masked.maf.gz	6e2d8818-b377-45f5-97f4-f905de22c487	TCGA-EB-A4OY
942067f0-37ff-4db9-b849-4f3ba7caf8a5	1ab9f653-c484-48a1-b98a-bdc1e88bb27b.wxs.aliquot_ensemble_masked.maf.gz	7436a28f-01a3-4148-b38e-63c57b5d86c4	TCGA-XV-AAZW
553315b7-e740-457e-a5c3-1e5101ff988c	ebcc7b4e-f618-44c7-92a3-a4cae0aa6b37.wxs.aliquot_ensemble_masked.maf.gz	800f3039-97e0-441e-8292-4ccf1bb4797a	TCGA-EB-A6QZ
a4c99e26-3c89-4084-9cdf-c2fea6d16ca5	c92c379e-faf7-4103-b1d2-19105e50ddb5.wxs.aliquot_ensemble_masked.maf.gz	8465257b-7212-44a3-bd9f-1f7d017499ad	TCGA-FS-A1Z4
4871e0fc-e741-4c29-b04e-e1e1d4e06c1c	eef3b1bb-ef2f-4bac-b2ef-a2b2181e579b.wxs.aliquot_ensemble_masked.maf.gz	888ef0fc-fc84-4afb-a369-695fee5ae4f6	TCGA-BF-A5EP
6fc7bdfc-b4d8-4577-b25a-d45601424004	20b76c5e-504f-4605-9974-08fb025f2b59.wxs.aliquot_ensemble_masked.maf.gz	865128c9-2e8e-4683-9232-174282ae984d	TCGA-EE-A2A5
0eee50e2-ab86-4f36-b197-2b4cf1e7eb91	2b8d8fea-96d2-45a9-b435-8b920ce006d2.wxs.aliquot_ensemble_masked.maf.gz	97d9dfc9-c937-48b4-b453-df081950419f	TCGA-EE-A2GT
c44a807f-892c-42fb-a552-23b45953c866	de958f1d-a3b0-4ff3-b42a-2ee437eb63af.wxs.aliquot_ensemble_masked.maf.gz	8ee500d6-c7b3-46e9-86d0-933695934707	TCGA-EE-A29G
f4c8c57d-49f0-4c20-a30a-1c9877fda945	dfd69f83-8385-4241-9c36-816b38ef1458.wxs.aliquot_ensemble_masked.maf.gz	931e39cd-b0c4-437f-b6c5-9358d74ea533	TCGA-DA-A960
d6a374b2-b3ec-466c-b4be-d6563a95761a	c616199f-f32d-4007-84d9-c04ab1446acf.wxs.aliquot_ensemble_masked.maf.gz	a25b293b-e019-4890-b44d-bec4dedf46fb	TCGA-WE-A8K1
3daef7ed-67ea-46a7-b036-4f04603dba9f	2ce18779-154d-4a95-bef8-e9b56643b2f3.wxs.aliquot_ensemble_masked.maf.gz	a6c0bfce-0adb-4dd0-bbe7-3f9e7dcdf7bf	TCGA-EE-A29L
e9c5be64-da8a-4458-852e-522590f5c3b1	9f820973-3d28-43fd-a20f-aebd52ecb694.wxs.aliquot_ensemble_masked.maf.gz	a29a20e3-5c2c-4f37-b93e-ae9ebc46ec53	TCGA-3N-A9WD
68d2fba2-c453-42e9-88c5-84cd227bb505	c995b19e-eb59-40ad-ba1c-82db843d49d6.wxs.aliquot_ensemble_masked.maf.gz	b53cf25c-929c-4f1a-870e-13f260c5cf7d	TCGA-EB-A3HV
0485414e-8c90-4f1e-a5f2-03f9751786f0	0d96d90e-f48f-427b-9420-6c6ddb4de627.wxs.aliquot_ensemble_masked.maf.gz	bd2345ed-33b8-4010-8479-4d6c67e29561	TCGA-EE-A2MH
36d63814-ffc7-4341-8247-0e6aed5a2b1b	71cfba65-55ac-4067-8f87-d4ecc3d70afe.wxs.aliquot_ensemble_masked.maf.gz	afbc376b-524d-4ecd-b79f-d8be770591a7	TCGA-D3-A5GN
7f26bc4c-93d7-4791-ad2c-1421cd644abe	9327ff1c-59cd-4a63-ae49-d8bc3f0fe145.wxs.aliquot_ensemble_masked.maf.gz	9ef30567-6e19-4cd0-8ec8-69194136418d	TCGA-LH-A9QB
e42eb320-7c36-453b-a473-ea0e0f929a94	c2476a68-70ec-4389-a22a-1dbf5f39e2fc.wxs.aliquot_ensemble_masked.maf.gz	b5e37b9b-6264-4cc8-9b44-1d8ac0692d6c	TCGA-EE-A2M5
d45f092e-c53f-40e5-81b2-19b0e9ee159c	5639a813-e59d-4543-9424-cb36b1ce6a6e.wxs.aliquot_ensemble_masked.maf.gz	b2fbea07-eede-4ab1-994a-da26583a5106	TCGA-XV-AAZY
c85275fc-575c-4245-878e-70a0fca292f9	f7209d97-ce1e-4bbc-8562-ef64668198c5.wxs.aliquot_ensemble_masked.maf.gz	ca9f542c-fdac-4e58-8658-eca78e4fafca	TCGA-EB-A44Q
f74f4ec6-abcd-4d39-8fc0-34628f410a73	1dfc6a5f-9a60-4e2e-8e9c-72ad9cc5fe4f.wxs.aliquot_ensemble_masked.maf.gz	b6b51b28-bdee-4fe6-a3f3-7b128e16721c	TCGA-GN-A26D
550d99fe-bfdf-421f-8149-de4f093a2b46	66c68f47-de10-4407-861e-d0d3f928f965.wxs.aliquot_ensemble_masked.maf.gz	caaf50a4-13b5-4003-b52f-e5f9780f9f94	TCGA-EB-A3XE
226c42e6-ecdf-4177-b820-a456d75860ce	ddf716e5-1fea-4ffe-920c-b4043c9b493f.wxs.aliquot_ensemble_masked.maf.gz	382fd44f-6011-4427-841e-0f1eda447fe5	TCGA-RP-A695
b2ccaf2c-321a-480e-aa77-430b753d6dcd	38e49b76-f9e5-4175-89d4-8cde5198b676.wxs.aliquot_ensemble_masked.maf.gz	296f44f9-3ecb-4b40-ae51-c3a06e3fbe00	TCGA-EE-A3JI
0ab29ec9-81b4-4594-98e5-7bdbc9ae8d9c	3919e51a-a983-4f23-abe3-d48a123e5550.wxs.aliquot_ensemble_masked.maf.gz	3df3f0a9-ba52-4c50-910f-828439b0ee14	TCGA-EE-A3J7
87bc509e-6594-45c2-ad8f-59e631ff2a0e	9fb27b52-2a0e-49eb-99eb-6d2daf586b2f.wxs.aliquot_ensemble_masked.maf.gz	5bdadeb6-a1fb-477d-877b-034bfd52294e	TCGA-EE-A183
20452885-2127-46d1-9827-ce48ca840e43	1503a72a-9f86-40d4-b521-a0f93e48735e.wxs.aliquot_ensemble_masked.maf.gz	56d4ca9b-c050-45b4-b636-03fe2251fa1a	TCGA-WE-A8ZR
6fa69adf-a6fb-4984-8128-d04c079af6a8	82de97e3-8f4a-47e6-aa72-ee2e16940d4e.wxs.aliquot_ensemble_masked.maf.gz	633ddc04-c424-42c8-8e54-673968b130a7	TCGA-BF-A1Q0
373a31f6-4c4b-4ff0-b55e-527d78cf1885	db0d5c7d-f589-4237-9fc2-0066ab22ba79.wxs.aliquot_ensemble_masked.maf.gz	6783fb7d-f509-47c6-b39f-535a9026f6bc	TCGA-BF-AAP1
891a784f-658d-4d99-872f-b6bdd50168be	9f254014-0d45-41fe-82f0-00210f770f8b.wxs.aliquot_ensemble_masked.maf.gz	5f39db5b-e5c6-4b7c-acbc-a7c73b556829	TCGA-WE-A8ZY
506dcede-056d-4b65-a9ba-9172493807a9	36c1267e-5bbd-4b40-87df-f1bbb7f6dd8d.wxs.aliquot_ensemble_masked.maf.gz	63db0da6-f451-436f-9b1c-211b55947770	TCGA-EB-A551
a9a9f533-ac0a-4c08-8322-266a4d884cec	e6de1eab-ca2b-484f-a79b-080bb4adaa61.wxs.aliquot_ensemble_masked.maf.gz	64690c6f-80cf-4a87-932c-7d7b3d0fbf6f	TCGA-XV-A9W5
96251801-1290-4465-94b1-0d24841681a6	30ba9bfd-c34c-4058-955e-7176cd56bf76.wxs.aliquot_ensemble_masked.maf.gz	76cc1d42-acec-46b3-9663-5e4de2550353	TCGA-GN-A264
98989161-4d01-4023-8b2f-9bc96b039071	06567117-c9eb-4551-80c8-71a30dc4193d.wxs.aliquot_ensemble_masked.maf.gz	7c6e2fe9-d1ff-4bf4-bda1-cc3615eb3584	TCGA-BF-AAP2
b3241cb6-18a6-48b3-abe1-8db46af0c31c	7e2fa755-4ec3-42c7-80f5-394f62a421b9.wxs.aliquot_ensemble_masked.maf.gz	7f7bc51f-7f75-4796-9ce5-a4735c3c0807	TCGA-GN-A8LN
3522249c-8219-46dc-b269-882d08f0b103	a5be6648-c4a3-4196-b280-6bb99fd766bd.wxs.aliquot_ensemble_masked.maf.gz	668701cf-9c73-4caf-8482-3f478235909a	TCGA-DA-A95Z
7b68e3b5-3c0b-4c6c-b077-2185c253cc98	1ae85dc3-e37c-4f19-bdcb-600ad3c13507.wxs.aliquot_ensemble_masked.maf.gz	7fb87427-9b19-4378-86d5-f4f775f97805	TCGA-DA-A1I4
d57fd212-4d04-4293-8cbc-3fdc10da5279	dcc85343-5c10-4670-92c3-e3a5c6d7ee1b.wxs.aliquot_ensemble_masked.maf.gz	83d05b9a-f409-4169-bef9-e772d2cfbfaf	TCGA-EE-A29E
3b576835-5dad-4868-84da-8ab00146489e	5110af93-e069-48e2-8b9e-11b972cd339e.wxs.aliquot_ensemble_masked.maf.gz	88314f23-3446-4102-a117-b65a8520d8e6	TCGA-ER-A3PL
1b7cf7ae-e746-4db2-b640-1ceaa6cda2de	fe4141b2-ce86-4708-a52e-e8a47ce2ae71.wxs.aliquot_ensemble_masked.maf.gz	90402c32-9548-432e-85b8-a4f80e14401e	TCGA-EB-A299
642ce8ec-cc0d-4596-a81f-7fe32a660f31	7895545e-0b3c-42a6-a590-c7e4d4de9af7.wxs.aliquot_ensemble_masked.maf.gz	93a31e9f-6557-4f15-a49f-5dfea2c588b2	TCGA-EE-A3AE
176574dc-36a9-48b0-a192-b109dd0b46fb	25a296b9-b371-40cf-a256-7a623f089a4f.wxs.aliquot_ensemble_masked.maf.gz	7a918706-c697-4cef-9661-346c5a612ff8	TCGA-ER-A19M
45830a84-d3ae-4faa-9cca-7c827f8f087e	eec386d3-5da5-4879-8f98-542fbb36627d.wxs.aliquot_ensemble_masked.maf.gz	7b4bcf0e-ec55-489b-870f-a4360a6bea2f	TCGA-EE-A2M7
47acb3d5-1dcf-4e95-bc34-59c8a0985d10	ef31c015-61a0-444c-81ec-e4730177e18c.wxs.aliquot_ensemble_masked.maf.gz	909335d0-bb4b-4ea3-869a-93e4d91c2154	TCGA-GN-A4U3
a7a94a0c-ff62-4489-b2c2-bf0e675b268e	857bcee2-eb7e-4981-bc73-8309ca163715.wxs.aliquot_ensemble_masked.maf.gz	9817ec15-605a-40db-b848-2199e5ccbb7b	TCGA-W3-AA1V
62e446b0-32d2-4042-ad47-8bcf22efa822	63bb908e-0ee2-4566-80fd-78ca76f52184.wxs.aliquot_ensemble_masked.maf.gz	919dfc28-6b55-452e-884c-48cb86802ac2	TCGA-EE-A2GR
f23e90d9-8c7c-4f5e-9b05-9671869586e5	1a41330e-3769-4780-91e1-17a16429e3b8.wxs.aliquot_ensemble_masked.maf.gz	a01a350d-64be-4af3-91c3-7d681c3db11d	TCGA-EE-A185
f37c94f7-c954-44ae-9fa4-708e5308b480	d01610c8-3a6f-4aaa-a999-f92df4d4c994.wxs.aliquot_ensemble_masked.maf.gz	880bb701-f1d3-4bf2-bfc8-143ad8d07b6a	TCGA-EE-A2GS
288cb794-b344-4112-8622-a647011d7f77	a1dbb803-5f5b-42b3-b60f-3762b8e4e793.wxs.aliquot_ensemble_masked.maf.gz	9d86940d-50fb-4d2f-8b1e-539196885f46	TCGA-FS-A1ZN
d907d15f-5ae8-4372-94c2-d3df8137c224	11bb64c3-27fb-4c93-8f3d-fda640726262.wxs.aliquot_ensemble_masked.maf.gz	af915978-c5e1-4dd4-ab0e-d2be5ac0ae4f	TCGA-D9-A6EC
1945d47b-6ebe-4f41-9a9e-b11388daefc1	bce51ba9-c95a-4dc0-82ca-523d416e84b1.wxs.aliquot_ensemble_masked.maf.gz	b91af125-a024-4ba3-a5e8-99955ff9efc5	TCGA-FS-A1ZQ
d7c095e8-a65e-4c0c-8703-8f335978def2	52174a15-c841-493c-a8b1-15a6a8f0da24.wxs.aliquot_ensemble_masked.maf.gz	b5abfbd1-8f92-4ba3-8f2b-801fb600397a	TCGA-FS-A4FC
6bd59802-3bb5-4f10-b5d7-50929079f891	a5bd66ef-0ce7-420d-afd8-7549c80f81fb.wxs.aliquot_ensemble_masked.maf.gz	beab616a-256e-48f3-a458-028897a6138c	TCGA-D3-A8GI
ba6347b8-9a7f-4fb0-a4a0-0215e0e4ade0	6ee2cb32-c787-4d63-b329-5a8e5bf7c34c.wxs.aliquot_ensemble_masked.maf.gz	acd3deaf-39df-4996-b6ce-2b295b9315a1	TCGA-EE-A3JE
bc60f683-19ac-48c3-9ab5-ba24ac7d89dd	b31f070a-0771-4372-8627-e9f2e1d76a14.wxs.aliquot_ensemble_masked.maf.gz	b34e2ac6-0661-4f7c-97f5-f1f3b54aa0e4	TCGA-EE-A3J3
8c21bbd8-ea23-48d3-b75f-19ba66169dc7	10d97d8d-dbab-42dd-a3db-6f70a745df1a.wxs.aliquot_ensemble_masked.maf.gz	2c79add1-8093-4e81-8f80-069af7b7c2fa	TCGA-FS-A1ZE
b72560de-3ac6-40b7-9504-5a90add8a538	44bbc4e4-ebc7-4553-98f5-57e27cd79d8c.wxs.aliquot_ensemble_masked.maf.gz	3ebb2374-4518-4e19-9b65-9c3e66252c4c	TCGA-ER-A197
a45b932f-09df-43ca-a8d0-81401c0bc96d	cb9f0f0e-e024-4150-af95-0b983c464ad5.wxs.aliquot_ensemble_masked.maf.gz	6f5157b8-d43a-4fbc-b7da-23629f5b53da	TCGA-D3-A2J6
a9d0c07f-afaf-478d-be5b-0a34e9a6efc8	8be3cf0d-3358-45b7-908f-66f3c44a0f19.wxs.aliquot_ensemble_masked.maf.gz	5b10234b-6189-449f-8886-d0d44a729ced	TCGA-Z2-AA3V
94604f01-4e99-4334-a5ff-cab519219ce9	7966ccc3-2711-406b-a479-e1e22319111d.wxs.aliquot_ensemble_masked.maf.gz	69a17647-493f-46d2-9cf0-6596e56289a0	TCGA-EE-A2MT
0ed02903-f92c-4af0-ad8a-1dc505564e96	b1ba05ae-e5c9-4896-a0b5-605c8d8362fd.wxs.aliquot_ensemble_masked.maf.gz	77052f40-374e-4dae-bc17-908b52db0f08	TCGA-WE-A8ZQ
508c5123-7442-4eb8-a084-d845dde71203	d18ac17b-9280-4f47-a105-48f65abee00e.wxs.aliquot_ensemble_masked.maf.gz	727a7579-bd82-4141-973f-794424f4d111	TCGA-BF-AAP4
647286d8-8fd2-4963-806a-3483c5da168e	76f17664-d37a-45fb-8e1b-f088727a7e87.wxs.aliquot_ensemble_masked.maf.gz	730f7400-e94a-4f41-b081-5227fa1a9c18	TCGA-D3-A3CE
78c368c3-7115-4821-be8d-a2b19278c630	6c10db1b-736f-419b-93b5-67e1445a0c29.wxs.aliquot_ensemble_masked.maf.gz	8509f10a-c454-45a5-9c22-853fda423b9f	TCGA-EE-A2MJ
683a11d7-3c75-4f4c-8183-4372fea06ab3	6ac99f9f-af04-428a-ad5e-3c8c1fce1539.wxs.aliquot_ensemble_masked.maf.gz	96fc529a-6ad3-456f-a41a-63238ecbb9c4	TCGA-EB-A431
55f16ae2-891d-46e9-bf00-9f296656aa25	2db011b8-dcdd-4992-a7ae-206fb9ab9380.wxs.aliquot_ensemble_masked.maf.gz	81807b84-da9c-4847-a303-5a8c7297127c	TCGA-W3-AA1Q
8380506b-2e01-46f9-9bc3-940061a98473	b318a906-c707-40d4-9fa6-dc5e0db49deb.wxs.aliquot_ensemble_masked.maf.gz	99706ad3-5cf4-45f8-815e-51e78f2e9f79	TCGA-WE-AAA4
d25141d6-e11c-4221-bc94-7c41a9c255c7	c1314850-ab58-443e-bc61-d1879f2e10c8.wxs.aliquot_ensemble_masked.maf.gz	9c0240d6-8b75-41ae-8fe8-269831fd1e41	TCGA-EE-A2GL
2b8c72c4-b79c-4d5e-aad3-fda32c9f98ad	b73e01c2-8423-4fac-bfe0-2e54430e9098.wxs.aliquot_ensemble_masked.maf.gz	87dc5c05-3121-46bf-adba-061f45cecf27	TCGA-FS-A4F5
a26d3a42-e519-4775-bf12-7074d6867e1e	bdebc9b0-a5ac-44bf-a5e9-20959c72628b.wxs.aliquot_ensemble_masked.maf.gz	a0bb7e56-85e1-4bc7-9515-f4279356e6d1	TCGA-FR-A8YE
15ea8df7-087a-4e78-84b6-22b3aec0e440	1b875569-40a8-48b1-8083-289689790d30.wxs.aliquot_ensemble_masked.maf.gz	9c47ab1d-e3bd-4191-bd60-4a2123de534e	TCGA-EB-A4XL
68dee70f-4de6-4880-9011-8362f88b56e4	9f15cc8b-878e-4858-a9a1-7e2d5339661c.wxs.aliquot_ensemble_masked.maf.gz	af852862-f01e-4ddd-82c6-9781c93ef20b	TCGA-GF-A769
62f83795-7d29-4ea0-b25d-bf396bdd1a6f	8a857111-2858-4bb3-a72d-3f1757289909.wxs.aliquot_ensemble_masked.maf.gz	9e5a0b7e-9682-4f29-8e4a-7af968ca93fc	TCGA-EB-A44N
ac6dec4a-43b0-400e-808b-cb7ab9a42ce1	1ac02035-206e-493d-9af0-db4ac26cc518.wxs.aliquot_ensemble_masked.maf.gz	ba207d79-91c0-45dc-a784-4bcaec580eb4	TCGA-W3-A828
6f9d6fb6-f1bf-49db-8f8b-a9a2a12a4ced	70454e13-6665-446e-8358-9b45810092c4.wxs.aliquot_ensemble_masked.maf.gz	a9eb1022-ffd3-42de-a39d-2126fc7ec0ce	TCGA-ER-A196
39a11f9f-6d2a-424c-8dbd-4e106f086f38	641cd800-8a27-4b83-a4b4-65040ed794af.wxs.aliquot_ensemble_masked.maf.gz	9e5b6bee-0e10-4559-8d0e-2dc9677cc90c	TCGA-D3-A5GL
4abce1fa-2578-4d0e-8557-70eb93cd878a	bfe26664-6fec-441a-9475-5cb864b5b69e.wxs.aliquot_ensemble_masked.maf.gz	9ee83669-d7a4-476e-8857-304600b4917a	TCGA-ER-A19N
d6cf01ff-74e9-4ada-8db5-84fa1afbcd3e	35cb0a18-bb62-4738-9625-0ab7c6a34361.wxs.aliquot_ensemble_masked.maf.gz	affb02c3-ec15-465e-8296-6a32132d542e	TCGA-D3-A2J8
14155d37-424a-421c-90c1-248f9f97a31e	710177b9-f801-4d84-8576-1e4c2d5ed480.wxs.aliquot_ensemble_masked.maf.gz	c4ed9e22-b5d7-4469-89a8-861a86791c8b	TCGA-D9-A3Z4
8e403a4b-3d29-40aa-8a14-168a96c7cb8f	b8cf44f4-f0db-4366-996e-f827675b7ab8.wxs.aliquot_ensemble_masked.maf.gz	b6750b08-c59d-49b9-8c08-a19e17cb366f	TCGA-WE-A8ZO
fe75f068-6577-4237-83bb-fa8f6f6c8fa5	650e6da9-b2e9-4d9e-9ec3-7e2b962c84b9.wxs.aliquot_ensemble_masked.maf.gz	adfa6beb-1aa3-4a2a-afe7-8d036a80b20d	TCGA-WE-AAA0
3948a158-39a8-4a64-8ebf-16481ccc2736	c07a6b88-9e7e-4cd6-952f-a1a8f6b86e4b.wxs.aliquot_ensemble_masked.maf.gz	c5476668-4b3f-47bb-9d67-488cef891243	TCGA-EE-A3AC
71c8791b-f809-4fc0-8c30-404b4104aedc	8dccefd4-cf63-4069-84fb-96e25b3ada78.wxs.aliquot_ensemble_masked.maf.gz	b4079a49-bb11-430a-9a1e-19bd46d87fbe	TCGA-EE-A2GI
082fe333-5914-490c-b411-b9df170d5f09	fca6b0cb-c82f-47ee-ae92-7666680c66c8.wxs.aliquot_ensemble_masked.maf.gz	590b5e18-d837-4c0e-becf-80520db57c0f	TCGA-Z2-A8RT
80b0f16a-e23e-4e82-b68f-3a44066e516d	5c9feaa6-4a4d-47bc-bf07-5ddc0a9b20ba.wxs.aliquot_ensemble_masked.maf.gz	5eda189c-2de3-429a-80d2-fc644623b37f	TCGA-EE-A2M8
39d5b681-82a5-4242-bdd3-45b4634bc51c	f17570c3-948b-4897-b246-b112f0587028.wxs.aliquot_ensemble_masked.maf.gz	27c9e7aa-1760-4cfc-95b0-a091d35d317b	TCGA-EB-A1NK
bd7d41b2-06d3-4f97-ba23-81371b37fc34	b7a10612-c0cc-42cb-9087-cb8294aa7733.wxs.aliquot_ensemble_masked.maf.gz	638eb185-fe03-4632-a969-9655e3339b2e	TCGA-GN-A8LL
bbd01fa4-425d-4e6e-accf-4856bce78fcf	b329dc36-e310-4a06-be0e-29ebb4579339.wxs.aliquot_ensemble_masked.maf.gz	6993bc23-cd58-4761-bb77-3a3dcc2f7a1b	TCGA-DA-A1I1
0bb8e5b0-ec72-48c2-8bc3-a4fa1830d7b2	4cc70382-3d73-4e0d-bc93-c00ccc68528a.wxs.aliquot_ensemble_masked.maf.gz	5f8cc8d6-8a1c-41d0-bad6-fedd2948f40a	TCGA-EE-A17X
eea87b16-a2ce-44cd-b449-4e3f646e17bf	885bd50e-754b-4ba6-a830-09094897bb2a.wxs.aliquot_ensemble_masked.maf.gz	64d46463-8039-41d1-9bbb-0ca0504356c2	TCGA-FS-A4FB
437493b6-0ad9-4daf-af51-29fa42217270	385a7094-f14a-472a-800c-9629e73cb6df.wxs.aliquot_ensemble_masked.maf.gz	714b4003-959a-47d5-8912-a250b90d7cd4	TCGA-EE-A182
c909d683-6aa0-4f09-afcd-6a8317fa4472	976edfca-fef9-420e-b3d2-5689dc0112a4.wxs.aliquot_ensemble_masked.maf.gz	667d5c5e-abc0-4fb8-b6c4-739f7cb3f0fe	TCGA-EB-A5UM
8b16a9e5-9bfa-4fa8-8be7-3766577ebd8f	41ab6b9b-1641-46be-ba2b-eb5a49164f40.wxs.aliquot_ensemble_masked.maf.gz	6ac4e3df-6c43-4c73-8f4c-f89c3626f2d5	TCGA-D3-A5GU
1c6aa641-08d8-4939-991e-79168942a26e	d3f8fa82-e125-4873-bd79-1bdc8b8debde.wxs.aliquot_ensemble_masked.maf.gz	6ec931e1-7a6f-47a8-8b30-f37271a50881	TCGA-D3-A8GK
9a296a5a-f833-47a7-8c43-0764cd7a484c	8cbff068-efc5-469c-a02b-fcd0cd11572b.wxs.aliquot_ensemble_masked.maf.gz	78f3d4db-a1ff-4ea2-aaa0-cbf0278b915e	TCGA-EB-A82B
cc431294-c0ad-4ed6-abb2-928ac8d7b77f	8a484a3e-a52d-4d68-b99f-787ec7fd7145.wxs.aliquot_ensemble_masked.maf.gz	85400bf1-23e0-4e0f-8df7-f0d108641aee	TCGA-D3-A3MO
7f51ad21-0c81-4a6b-83b7-a2577cc51a86	d07b8659-ec7b-4fc2-89ab-ceb298e80c62.wxs.aliquot_ensemble_masked.maf.gz	9a7656cf-75a4-4b1f-a2d2-25e3ec147e63	TCGA-FW-A5DY
3d28414d-5210-45e4-b70d-6c5af3d5b7c8	ff77e67d-344f-43a6-b285-1db009971d92.wxs.aliquot_ensemble_masked.maf.gz	9f4dde50-fa0c-43bf-8d5d-70b76cc35793	TCGA-FS-A1ZR
f85d4b34-10e4-4450-b6eb-2de01cfcbb74	f8c96996-d15d-4136-a193-c227a3fe0ed2.wxs.aliquot_ensemble_masked.maf.gz	8b6b1cbf-dedb-4c99-8f75-eafbe5c43592	TCGA-XV-A9W2
2ecd376e-39ce-4de6-9abe-f20c7f0b9410	f6389aeb-e119-45bd-bde1-af295a2b0a78.wxs.aliquot_ensemble_masked.maf.gz	9a903fc2-57d7-4a02-94e7-9b9b7ee99276	TCGA-D9-A1JW
779d6146-6176-4114-9f4c-2f7281946935	aeac620f-5864-4faa-a6ba-9f51094a02a5.wxs.aliquot_ensemble_masked.maf.gz	92d79156-9139-487b-8582-ce0e87b4ecd0	TCGA-EE-A3AH
784f7fd2-1be4-48de-8495-6e231ab2c48f	58af1899-1f19-464a-b151-8f806508cafe.wxs.aliquot_ensemble_masked.maf.gz	b1739cb5-09bc-414a-8f05-c66d2cb9868d	TCGA-FS-A1ZC
4cf048b7-56bd-4556-8007-82e0e1fe6f5e	6967c889-ba3d-499d-957b-5a425e8d7bc8.wxs.aliquot_ensemble_masked.maf.gz	b6691e3c-ee3f-49a2-8bd4-2086413e5d8d	TCGA-DA-A3F8
16c00630-1212-4803-910c-44631e333fbd	c39430f0-38c1-4f83-9d35-ba3cff783f01.wxs.aliquot_ensemble_masked.maf.gz	a5ab4498-8721-40ea-8ee4-fc1a6d05721d	TCGA-BF-AAP6
f726c117-fdcf-4678-8c4b-df324f841f0f	b5a867e1-549a-4322-bf50-40cd139f3a41.wxs.aliquot_ensemble_masked.maf.gz	2e6f9985-6d13-4b08-8a40-5ea44e9553f0	TCGA-EB-A5FP
544fef3c-ca9f-4739-b6ea-655927a5cb99	d632e1b5-dda8-470b-818b-ced5bac0ac58.wxs.aliquot_ensemble_masked.maf.gz	f3bb6362-6801-4c95-a828-09c0002a8b87	TCGA-FS-A1Z7
81bce608-c41e-481a-9125-f1387e6cc476	20948a6b-54f7-4dea-bb52-7f784480ada7.wxs.aliquot_ensemble_masked.maf.gz	b85b14d7-3b5a-4800-af12-622ec03b9fe5	TCGA-ER-A19T
467d617c-ff88-4804-9726-bcbe5cd27475	85dfaceb-1493-46cd-a0aa-8435d42bbdd3.wxs.aliquot_ensemble_masked.maf.gz	8d7f8f4d-aef9-4d1b-bfb4-7ed85b0797b3	TCGA-WE-A8K6
db5f402d-802b-4fc2-b33e-959e4d484306	496f5dcf-1258-4bf9-a885-e8508a02769f.wxs.aliquot_ensemble_masked.maf.gz	cdcf4d91-98a1-4a65-98dd-c6fc80805a0c	TCGA-EE-A2A6
b6b2f72a-fd8f-42a0-9b7f-d97a119df7b1	5e20dc94-8909-4fba-9580-6c7ea5197e2c.wxs.aliquot_ensemble_masked.maf.gz	40a4b549-09a4-4621-9715-e44d4b9d1198	TCGA-DA-A95Y
1e00031c-d981-4c9e-b192-428830a21457	e3bdd5ea-8b2d-4141-aead-61953c62fd66.wxs.aliquot_ensemble_masked.maf.gz	01ad975d-c2ed-4e4d-bd3b-c9512fc9073c	TCGA-DA-A1I2
875a381a-828d-4742-ac94-0b71ee106385	a3568ab2-7d2e-496f-81ae-4a693300285b.wxs.aliquot_ensemble_masked.maf.gz	021a9431-7fdc-42b8-9ff0-e17ded79ff1d	TCGA-ER-A42L
99a65ca2-c539-4b0a-9c2a-600a4440f594	a8e06662-b763-4db5-8975-69b8a3063c03.wxs.aliquot_ensemble_masked.maf.gz	1251acee-ceb4-4530-ba5b-4d163fcab8d2	TCGA-ER-A1A1
94026607-b0ae-44f9-ba2b-f966b5bbedb3	cc2881cc-7617-4593-b8df-bb92862091d7.wxs.aliquot_ensemble_masked.maf.gz	04c3d01d-a949-4dc7-9829-a8c99180dba0	TCGA-FW-A3TV
2199b042-4d39-4584-bb5c-50cda194771c	80606d36-3559-4811-a0ad-f1ba0379f723.wxs.aliquot_ensemble_masked.maf.gz	1412ed30-82b3-4a89-9d19-f04196dc3a9c	TCGA-BF-A9VF
de7052e0-3cf1-4ced-8271-f0e0df2d6ddb	8bf88b02-f1e7-4b94-b5ce-e35835ceb9b5.wxs.aliquot_ensemble_masked.maf.gz	088c296e-8e13-4dc8-8a99-b27f4b27f95e	TCGA-GN-A4U7
8e9cb133-6261-431d-9f7e-9775c9bcad01	8e56e201-a1a4-4ea9-8f72-52595483701c.wxs.aliquot_ensemble_masked.maf.gz	14407399-b1f0-46bf-9179-8bf11c39d919	TCGA-D3-A8GL
6a21c005-793b-4d29-ad7b-c5c7a6e3dec4	01f60450-bdf1-4578-87fa-e973b9beea60.wxs.aliquot_ensemble_masked.maf.gz	177b515e-bcb9-4a08-9b38-3ccdec0e293f	TCGA-FS-A1ZA
e8fe555d-03d6-4a79-8389-d515c66e8c2b	595eb6d3-d6f8-4264-afd9-6b80b1dc07c9.wxs.aliquot_ensemble_masked.maf.gz	0a4b780e-8143-4118-ad98-fd2a2a6678c3	TCGA-EE-A2GC
98f5a299-afb2-48c9-8231-25777941a7ff	9144d5b9-d4d2-432a-8cf3-0bdef3dfdbf1.wxs.aliquot_ensemble_masked.maf.gz	187376e0-b4f3-44ed-ab43-88b6eff3e552	TCGA-EB-A4IS
2791eebc-0427-47a1-9e21-6cb01bc191f5	4fc4b881-f82a-4c79-b9ae-91116905a099.wxs.aliquot_ensemble_masked.maf.gz	2e7cfa51-8965-4c11-8fef-077fd258fbe4	TCGA-EE-A3JH
40df9c92-0b06-4ec0-b51b-fff27c684fb3	68562dd2-c372-444e-97ce-db3e890e2b64.wxs.aliquot_ensemble_masked.maf.gz	238111f9-a08b-49b4-9035-cc43026330e7	TCGA-D3-A1Q5
9ca00541-3399-45ff-a108-cc4680cb1719	c9d2fad1-d643-4ea2-8baa-dd3d887ffa40.wxs.aliquot_ensemble_masked.maf.gz	e9e615a1-9323-49d3-904c-fcf4887fea61	TCGA-D3-A2J9
82c821d1-163c-4f28-b604-d1ee3d5cb425	d287206b-3a46-4e8d-8f54-41f8c7980f32.wxs.aliquot_ensemble_masked.maf.gz	e9f0f030-d9aa-47c8-9f4d-a9ce58888c41	TCGA-BF-A3DL
172c6ef2-8d48-4e99-99ce-6b3336fb288c	7731e90a-7a34-40d3-991f-ec5e19d2d5a8.wxs.aliquot_ensemble_masked.maf.gz	ea6337b3-3b5e-489e-ae2f-2908447f6300	TCGA-FR-A728
0108530b-fc55-4179-9f95-9529f5cb441c	67642baf-d97b-439d-a480-8289cfe60019.wxs.aliquot_ensemble_masked.maf.gz	c2948fe9-5798-43bc-a743-511e94e417f8	TCGA-FS-A1ZD
20dc1c3e-6474-4a27-96be-026caae4ff7d	95fef36e-5cff-4a8e-bfe0-fdc4258953ea.wxs.aliquot_ensemble_masked.maf.gz	c3a8881b-70f8-402c-ac75-1cc49fca4e87	TCGA-FS-A1YY
2a608c9c-c567-4b8a-9522-251fcc67ca29	e1e9f775-ac7c-4cf8-8dda-3bcfa0c19413.wxs.aliquot_ensemble_masked.maf.gz	ef40fa3d-807b-47c1-9f77-58e9778ce391	TCGA-BF-A5ES
339b8cb7-693f-4931-bd46-c9b2d580423b	4a76023d-dd9c-4c5b-b53b-564759db8032.wxs.aliquot_ensemble_masked.maf.gz	ed471051-41dc-404c-87ec-db4a281ecfb5	TCGA-W3-A824
8a3fb344-1cec-40e2-bde6-b5916c8cf40c	3100163a-f85a-4572-af6c-e55efd97bc99.wxs.aliquot_ensemble_masked.maf.gz	ef608754-3f87-458e-9bcf-4434c54c8c9e	TCGA-EE-A29D
33144604-9026-449e-a6fd-2450e7d0ef1e	fa54f7af-571c-4c80-b930-6065121ff524.wxs.aliquot_ensemble_masked.maf.gz	ef7bc188-6aec-467e-801a-ab2109a28104	TCGA-EB-A42Y
6f8d17f5-3250-421b-8c17-5dbb91a79c37	86fafbf0-3846-4339-aad4-d29a2798b344.wxs.aliquot_ensemble_masked.maf.gz	ef9f1829-0eed-47b3-9d44-06d0a8bb2bfb	TCGA-OD-A75X
12dcf229-d871-46eb-9dd1-597e0d00b7cf	7567b67f-cdc4-41a4-a7ac-ec53083d20f6.wxs.aliquot_ensemble_masked.maf.gz	c757c326-6803-4451-a2d3-4368812855a7	TCGA-EB-A550
90b125b9-f1ec-4973-b80e-53770db902a3	743c2dca-02a1-4c73-949c-be879293671a.wxs.aliquot_ensemble_masked.maf.gz	eea5ea8b-6579-44c2-a205-47befe82ee9f	TCGA-EB-A42Z
12263a05-b81e-4840-bd9e-c7030a9f7542	8d271cc1-6906-468a-9e3d-7fe18c92a2c6.wxs.aliquot_ensemble_masked.maf.gz	c77e1eef-ec9a-42ea-96cc-70aa437a00e6	TCGA-D9-A6EG
c083b72d-97af-45ba-98ad-664f066a8a14	b93418ee-b1bb-4853-a1f1-200523792c15.wxs.aliquot_ensemble_masked.maf.gz	eff78af6-0f68-49b9-866b-0d511606f2b1	TCGA-BF-A1PV
9c3f81eb-f686-42c4-b586-e63d05ebe21f	35e07225-76c9-4707-a396-b808a6cda92b.wxs.aliquot_ensemble_masked.maf.gz	f1a69042-8347-45c1-b925-8526a8443b86	TCGA-FR-A2OS
039bf595-df80-4ad8-83ce-6a0717f4c25b	3f4edaee-7ef7-48a1-8e22-f2184e75ef65.wxs.aliquot_ensemble_masked.maf.gz	f94ae8f2-d555-4c2a-97b0-dbe7d642c566	TCGA-GF-A3OT
a40bd2f1-8143-4c3b-9a69-400585d1f23a	a2b5bdcf-b839-4166-8bd9-49056c1570bb.wxs.aliquot_ensemble_masked.maf.gz	f9d113e3-9127-491c-9227-33770bf2b23f	TCGA-GN-A269
3a7390dd-f069-4c6a-8802-a80f09662663	1e93b4e7-0da7-4252-8161-9f76a02c19f9.wxs.aliquot_ensemble_masked.maf.gz	d6283ab0-9019-4ad2-93aa-2e6b39cd9641	TCGA-EE-A3J5
45013b9b-1e30-4b06-be64-ce845967c984	8cfe0ff8-cf0a-4618-90cc-0d412f70c202.wxs.aliquot_ensemble_masked.maf.gz	d70e0d27-7f27-4807-a36e-9fb7b00f0a70	TCGA-EE-A2ME
a63b0948-9c8b-40c5-9480-e00c073756f3	eb2b9198-cba4-4f90-9950-a0f8258e10e1.wxs.aliquot_ensemble_masked.maf.gz	d7207811-3f9a-48ac-ab9b-3e8af1b1d9f2	TCGA-QB-A6FS
a80f9789-bc1e-4f36-ab23-b11f5f7f78b0	8a7949d1-1049-4d34-bbd7-e4317e1296ac.wxs.aliquot_ensemble_masked.maf.gz	fa099993-ef30-4eff-a8fb-aa41b5ea671a	TCGA-GN-A26C
527b8c0b-9df5-46fa-abaa-fe5e7800ab9b	7bd3adc1-55a8-4951-913e-75c495d7a4cc.wxs.aliquot_ensemble_masked.maf.gz	f632effd-be12-41ab-8e4f-2a5f38af8bae	TCGA-EE-A20B
2e2116e6-3000-4574-9de1-885262d9966f	f3985d4a-a3e5-4997-836f-c20c86b2c3ec.wxs.aliquot_ensemble_masked.maf.gz	d781260c-f969-456e-bf16-044dc5b181a4	TCGA-FR-A8YC
55515bec-e049-4dfc-9f6c-00ab6199fc9a	fc768178-70cd-416e-9d1c-e34875475d74.wxs.aliquot_ensemble_masked.maf.gz	d7e86c99-a716-48b8-b067-e73d68b14dee	TCGA-BF-A3DN
649cf1e4-910d-4c0a-aa38-c694b8c2fb13	0429c264-dc40-4603-8915-9e4b27f86a3a.wxs.aliquot_ensemble_masked.maf.gz	fc59cc57-ca7a-4de3-bd13-2e283716a243	TCGA-D3-A3C3
7cc70573-b278-4d57-a62f-8314faecdda7	b7a2aebc-0296-4613-bb63-964362399082.wxs.aliquot_ensemble_masked.maf.gz	fc5b5d2f-0d03-45c2-b7a0-ba6ec108fe51	TCGA-EE-A29C
e0342903-81c4-4993-bca4-8471b53ccae5	94512f8b-5f1c-48ad-96e8-d63cdbf2001b.wxs.aliquot_ensemble_masked.maf.gz	d84d9c7b-b464-4ea1-8c39-9c929bb34c08	TCGA-EE-A17Z
3d5aeb03-8be1-46dc-b681-6e6a57900ab6	d1315d5d-496c-450a-ae19-f2d08fd9ff4a.wxs.aliquot_ensemble_masked.maf.gz	b8a1732f-c1cb-4a02-af4f-61b63d3d52df	TCGA-EE-A3JD
5e28801c-1347-45f5-8a86-3693d34d9068	36b0ce32-a815-48fb-aa05-e9d5783cfad9.wxs.aliquot_ensemble_masked.maf.gz	ce28f65d-4ae8-4e63-815f-5b8d4389e092	TCGA-ER-A19J
de302a4c-15a8-4891-bad1-e54226bf5b92	88f47b13-247c-4c6c-a6cc-bc32f08a428a.wxs.aliquot_ensemble_masked.maf.gz	ceb45393-54ee-4801-8c6f-c0aa66e37e60	TCGA-YD-A9TA
c5a98ac6-8a62-4550-af4b-b429f249bb60	4b56113a-a6bf-4625-8bf7-e8d2efbaec14.wxs.aliquot_ensemble_masked.maf.gz	c787c4da-c564-44f1-89eb-dd9da107acb1	TCGA-EB-A44O
1165cfbd-ac66-4619-8d5e-acd3fc89fb8a	984a7791-4513-4c84-baf4-f3cbcf6651c1.wxs.aliquot_ensemble_masked.maf.gz	f027da44-6adc-4207-93ac-e8bf45a1bf3d	TCGA-FR-A3YN
195e5f71-d93e-4dd0-80ba-9c32b1739a69	5dcc88af-fef0-4313-b747-46ecbba90981.wxs.aliquot_ensemble_masked.maf.gz	f0744fa2-db4a-40de-9fd2-f61863fd98d4	TCGA-D9-A1X3
2d1ad753-11e1-4f32-87ce-739c665eb5c8	5a849d55-9ff9-43bc-b257-c7c5b2310f81.wxs.aliquot_ensemble_masked.maf.gz	f311877d-021a-423b-a6f5-e574c9a3ca7c	TCGA-WE-A8ZN
42eff78d-6354-43ee-bcc4-80922bda65d2	4d10b360-65c3-454b-8b32-db0f17212ce5.wxs.aliquot_ensemble_masked.maf.gz	f09f3062-f904-4aff-9cd6-38eed201e652	TCGA-EE-A3AG
c6348e5d-194f-4eab-a262-d5b52be6ed5a	ae5049bd-dbca-45cf-9f61-cd36d42c9502.wxs.aliquot_ensemble_masked.maf.gz	f405c603-bcbc-434f-b620-c32eb27b215b	TCGA-ER-A19S
52e01d88-a0cd-4300-aed8-fca675b21c9c	6cbc9071-bba7-424a-803a-1247ad9b108b.wxs.aliquot_ensemble_masked.maf.gz	fd1a49f2-fb3b-481d-888e-f4224d59f6d1	TCGA-EE-A29P
f2e71e91-a472-4ccf-9274-53ef44086c58	1ed5d27a-3773-4681-9945-854b485757c9.wxs.aliquot_ensemble_masked.maf.gz	f52ae9f4-8a61-4ff2-9c24-23f4048d3da6	TCGA-FS-A1ZG
316b1674-a58a-4a46-b039-306790c5bbc6	94a2bd48-2eb3-4c71-a5e4-63aed51a6aa2.wxs.aliquot_ensemble_masked.maf.gz	fdbbdbf8-cf2e-4550-9727-b023aed9b8d9	TCGA-D9-A4Z2
152eb7ee-25d7-4c5f-8b69-2651d595a5b0	4d237e4a-a5ee-4875-81a2-dab091041f43.wxs.aliquot_ensemble_masked.maf.gz	d73d1b38-9ab4-409e-a360-e93f8c54715c	TCGA-EE-A29R
e66b18f2-7280-4669-9102-b7a6ef2a0445	c26dec31-8088-41ce-bae9-261b0be753ae.wxs.aliquot_ensemble_masked.maf.gz	f8e01148-6fc7-4451-b24a-f3510cd24f9d	TCGA-WE-A8ZM
9fb761ed-5d69-49d3-9524-60799e06d9f2	739467d3-9f06-4ec1-ad70-fadad01a77b2.wxs.aliquot_ensemble_masked.maf.gz	fbee9fe7-8bed-41a6-bcfe-de9f1bc80d01	TCGA-D3-A1QA
11d62b0b-7da0-497b-b1af-bbb0add09296	ea67a27a-fb82-4a9a-b5e1-ee0e416d4158.wxs.aliquot_ensemble_masked.maf.gz	d7ee2693-39a8-4e3a-b6f6-e4729800e34e	TCGA-EB-A24D
09c47ed7-f138-428d-8156-31cd11f7fe88	eccc630b-d720-4272-97f3-bf34bf6cd780.wxs.aliquot_ensemble_masked.maf.gz	d7f251c3-8312-47d8-a9cc-2917d2284cc3	TCGA-D3-A2JK
15046982-a4ac-435d-811b-11c64f4cbe52	c09fe46c-8660-4fa2-9e8e-063af70f9c90.wxs.aliquot_ensemble_masked.maf.gz	b6ee9305-c935-4692-81f3-956956d5b4c4	TCGA-EB-A5VU
8bc53e15-434f-42ab-94ec-5588de4a9cc8	1aed097a-c642-428a-b917-902bc1bfc8c3.wxs.aliquot_ensemble_masked.maf.gz	ccf8809a-cdfd-46f7-b607-001b8b91c1a4	TCGA-FR-A69P
7e6151f4-ec8b-4b8c-8676-00e1084f9db5	3af7eded-b4ae-4470-91bb-c62f1c787144.wxs.aliquot_ensemble_masked.maf.gz	f505058f-74f2-4476-887f-06590a605980	TCGA-D9-A1JX
09524af0-5201-457c-945e-6bcd4bab0be4	ee1cf887-53f6-4874-bfb8-3b58bf61af97.wxs.aliquot_ensemble_masked.maf.gz	f9e36bc2-484f-48e8-82ba-99026957277a	TCGA-ER-A19K
69d72b56-acc3-455d-818a-acaac4f0e357	41d2c21f-9cf0-433b-a4ad-95d6c2b181e8.wxs.aliquot_ensemble_masked.maf.gz	fecff768-2cf4-487f-8ea4-c24a947330b7	TCGA-ER-A19P
1585317b-751f-4988-bbf2-a93ab7809f84	88b0376d-cc34-4843-9faf-d08e020b5918.wxs.aliquot_ensemble_masked.maf.gz	cf409c7c-ff82-4529-bda4-554310843bc5	TCGA-WE-AAA3
aa907387-ee9b-480f-9e03-efe3590a6f9c	efaa0aec-7175-4058-9aab-abc935eb3936.wxs.aliquot_ensemble_masked.maf.gz	cf97d5ff-1cb7-434e-9ca8-c396cf960e5a	TCGA-EB-A3Y7
d8cd0245-27db-4fd2-97d5-4661b8b00473	f667969c-b27c-44cc-8168-be91c8dad3f6.wxs.aliquot_ensemble_masked.maf.gz	d0680568-bbb3-4561-9e4b-08fe2a4832cb	TCGA-D3-A8GO
28bc99ec-34d9-4a25-8019-0126a7308660	e07fcd97-4666-40b3-97c1-d6767482a10a.wxs.aliquot_ensemble_masked.maf.gz	d0c3a83d-a1bf-4e9a-a610-2fb4370f2891	TCGA-EB-A430
7ea3e977-167f-40a0-b8c0-bdfd2a1c11ac	08365ff7-b67b-415d-8004-eea06b69700d.wxs.aliquot_ensemble_masked.maf.gz	d2372037-5eea-4f98-bd72-551218e83779	TCGA-EE-A29W
10809bfe-f61e-4329-ab42-d9dde3a6d124	3aa72a78-0088-4a40-b90e-056b88f76acd.wxs.aliquot_ensemble_masked.maf.gz	d241a660-1c84-44fa-a6b3-ec9284333bd2	TCGA-DA-A95X
b935235d-892d-48e2-875a-4eafc40e3fb5	27a20063-e567-4f7a-92fb-f9527a4b5c15.wxs.aliquot_ensemble_masked.maf.gz	d28b2d64-2399-4ce1-9c9a-7538dabab862	TCGA-EE-A2MD
4693c34f-36d3-4bb7-8671-f1f593cc5941	e2e41756-22d1-41ae-9474-c0c9289bb504.wxs.aliquot_ensemble_masked.maf.gz	d56a707b-dbf5-481d-9d93-1e23a854a684	TCGA-EB-A41B
b5d526fd-32e4-4a0a-a9bf-ff3b86819541	35430b36-7ed2-426d-95c0-ffc9d354fec3.wxs.aliquot_ensemble_masked.maf.gz	d6276407-52a3-4f0c-8332-1b3477f6d2fc	TCGA-EB-A5UN
b114eacd-5ae1-4805-9c3c-5d0097235ad4	27bacc82-e861-4641-945d-3e1335439c0f.wxs.aliquot_ensemble_masked.maf.gz	d8eac750-9daf-4465-b672-9e31fd369057	TCGA-DA-A3F5
bcaeaf64-1d00-4991-af3b-ccb4a4c33f1a	f5532ade-c244-4ffe-89bc-b5e4744f4576.wxs.aliquot_ensemble_masked.maf.gz	db239624-3dba-48bb-9889-f479dc2ba046	TCGA-D3-A2JC
c6b94f77-f3f3-4779-aa8d-e32b7e65bfe8	a6ea00ba-0c94-47c4-a7b0-59e05ecdc322.wxs.aliquot_ensemble_masked.maf.gz	dcc005ba-f8c9-4845-bf08-0dbabe291c9a	TCGA-D3-A8GE
5f5b9efe-b1ec-45bf-bed2-5179dc4d9d85	a6f76140-5194-42ba-941f-5db90a8fe775.wxs.aliquot_ensemble_masked.maf.gz	dceb4909-cb3e-4aa5-8ff6-23d27b39aca3	TCGA-D3-A2JB
c18bb685-75ba-4a99-85c4-cf34e9d8763a	2ec7d6b7-0cb7-411c-8dec-0be479835fda.wxs.aliquot_ensemble_masked.maf.gz	debd7156-8b97-4bdf-9dd9-7e469277d252	TCGA-EB-A4P0
535d8ce3-f002-4125-a1ed-863e9889bf28	ad66020f-18be-4ae5-8cb4-421df42751a5.wxs.aliquot_ensemble_masked.maf.gz	df6303cd-ffb5-422f-9865-b09029a6d54f	TCGA-D3-A1Q7
c53a705b-8d9a-4b27-8f75-e3e513e1b9f5	45084843-461d-4c91-b5fc-72d95118de10.wxs.aliquot_ensemble_masked.maf.gz	dfe8baa8-1c2c-4c36-92c9-61548cebec19	TCGA-DA-A1I7
d67f1878-1b10-41d2-9a78-0557604d9c4d	17fcc68c-f0ee-4491-9a62-f6504827da83.wxs.aliquot_ensemble_masked.maf.gz	dfe9d2bd-2317-4103-b493-41c5469e08a0	TCGA-BF-AAOU
7a6e763e-a9b8-423f-8f9b-0c349210d049	9d0bf88b-1374-44cf-b3e2-34731f24de32.wxs.aliquot_ensemble_masked.maf.gz	e11a109d-31cb-40f7-aa17-50797b287a4f	TCGA-ER-A19H
b5517f58-2017-4e53-9f95-53808164d8d8	ff2001bb-b80b-4285-abaa-6275a9ca3226.wxs.aliquot_ensemble_masked.maf.gz	e218fc54-1139-4944-82e2-742839e5553a	TCGA-ER-A199
8a9f8cc9-6bb5-4d96-8ac2-e575173806e0	c4e1ab11-e39e-401f-9bb2-db36da4482e2.wxs.aliquot_ensemble_masked.maf.gz	e2271488-1a7d-4733-a1ea-38bbaeb97b4c	TCGA-DA-A1I5
d8405896-d462-4cb4-ad93-5cff4129a193	50f3bc9c-a94c-4042-b940-b59fb02c7aa3.wxs.aliquot_ensemble_masked.maf.gz	e58bed18-503c-4182-bcf3-5af6f20e1b8a	TCGA-EE-A2GB
939815a1-6e6f-4757-94a7-850d948d1994	8b8e90a1-bfd2-4222-bf69-883682b07094.wxs.aliquot_ensemble_masked.maf.gz	e63a9717-7851-4706-951a-dc0b87c45edf	TCGA-D3-A51K
461f7fb3-3462-4326-a858-267537017a4f	e50953f8-95ff-4b9d-9a1b-99097d7cb024.wxs.aliquot_ensemble_masked.maf.gz	e653f888-37cf-41d5-a1cf-45397c90b31d	TCGA-EE-A2MG
bf8faa17-04ce-4d1d-92cf-29d4a599099e	cd0f9440-bce2-483f-ab94-a0171ba75bdf.wxs.aliquot_ensemble_masked.maf.gz	e85c07ed-51ef-4c91-8431-0dc738d9ccc6	TCGA-D3-A1Q4
4c1a21b6-d7ae-4697-aa60-6ccfa54c529c	4b2bc8d2-ed77-49ad-b67e-757854136290.wxs.aliquot_ensemble_masked.maf.gz	e865b9be-ca10-4805-9634-2f35ad18b63e	TCGA-WE-A8K4
3b73feca-a457-4d8d-b2ed-e8cf86e4f47b	7f4fdeb3-b030-43c3-a80f-76ea9c88f0af.wxs.aliquot_ensemble_masked.maf.gz	e9a42a85-9513-41b2-a71d-6d62f70b00e4	TCGA-D3-A2JP
055c56ef-c4fa-44f8-b79d-01754892218c	3fe52ca8-563a-4ed0-a842-8cf837c198c5.wxs.aliquot_ensemble_masked.maf.gz	c0b0255b-74fd-4af7-a2b0-5a82829f680b	TCGA-D3-A3C6
ef4ce037-ca16-4fa9-83a8-b2800f19aaf1	3db5223e-7936-4e3e-b60c-05d4e496a3a4.wxs.aliquot_ensemble_masked.maf.gz	c127ffb6-2ccf-4e90-b811-0aa40ebfab17	TCGA-EE-A2MQ
edae1b8d-1eff-482a-8e05-7f949ef0ccf6	f9da1c1e-b09a-40eb-8242-39b825836962.wxs.aliquot_ensemble_masked.maf.gz	ec4cc744-04df-4ba9-9159-e4940c702281	TCGA-GF-A4EO
7be157c3-7cc7-4daf-b5fa-4aea5cc75347	834a576e-0e3a-4650-9a5a-9c5a598c57b7.wxs.aliquot_ensemble_masked.maf.gz	ee08eda6-033e-403b-a26a-747b118ae897	TCGA-EB-A85J
d01f22f8-bc82-40b2-93ce-a4423cfe3fd6	6f9e316e-bd17-4af7-a7b3-95fbaa57e97e.wxs.aliquot_ensemble_masked.maf.gz	ee143e06-0334-45dd-a2b0-1169527d6b4e	TCGA-EB-A41A
043e984e-1b97-424e-9aef-b92519b026c5	57f4454e-eb8f-4075-98d9-0832487366b5.wxs.aliquot_ensemble_masked.maf.gz	c7ecf63a-a412-43e6-805e-e9f49d7dfe6b	TCGA-RP-A690
0d39c3c5-5e8f-4c7e-8de6-f457b621af1e	2bb5df7c-2083-4604-b4d1-46b634155270.wxs.aliquot_ensemble_masked.maf.gz	f1713c39-26b8-4667-a08b-f8cf6d2b8e13	TCGA-YG-AA3P
02203e57-278f-4cc1-9f06-d256d9ed6a3f	4ea04f40-1608-49e6-925a-985ab6f6e863.wxs.aliquot_ensemble_masked.maf.gz	fda160c9-efdc-4263-98f1-e38b00571b4d	TCGA-EB-A5SE
0b5a5442-4e29-4c57-83c7-cd57aad32e67	b736052c-bd09-4cd3-95ff-7cecdd25dbed.wxs.aliquot_ensemble_masked.maf.gz	f55914f3-f19a-4d93-b368-554ec1a9cf40	TCGA-FR-A729
b33d1f5c-f6bd-48d5-9899-505f915f1874	09292562-f6aa-440b-94f5-773e69e5ee3b.wxs.aliquot_ensemble_masked.maf.gz	f5f42370-9974-4375-b338-5f68bb0c3958	TCGA-EB-A5UL
40f9015a-0c2a-4ba0-ab8f-4d994cb1f8fc	3d4a4a1b-9dbc-4020-ac49-e1266fcc58f0.wxs.aliquot_ensemble_masked.maf.gz	1404791b-86bf-4dfd-85b4-c8ff356f109c	TCGA-FS-A1ZK
d5267932-1eec-49fb-8a49-fff8f2874cd8	9b75ef91-348b-41db-ab7f-79e0b454dc2e.wxs.aliquot_ensemble_masked.maf.gz	122f855b-f3b8-440b-bf9b-e24e1d3db867	TCGA-WE-AA9Y
b563fceb-c204-4e3c-866a-67f5ffd64237	18720cdd-efdc-40d1-b04f-b92b2525cba9.wxs.aliquot_ensemble_masked.maf.gz	3a27966b-2c4c-402f-b71b-df7925c36a7c	TCGA-D3-A2JH
7705ab11-67a4-425e-a12f-785d5d07c7e1	7867259b-25e0-48f5-a05d-b16d8dce256f.wxs.aliquot_ensemble_masked.maf.gz	1c052cde-7a70-410b-a273-dbe39dd968f4	TCGA-YG-AA3N
f5c68be3-6a50-40ab-a218-af7d69bb5007	86a00be1-4aa8-4654-8f54-9d1f0a39fd6c.wxs.aliquot_ensemble_masked.maf.gz	1cad4b22-ec8b-4e34-bfef-5464d185923a	TCGA-D9-A4Z3
1b8de307-eb1d-455d-87a6-9d2d88e23382	dff739fb-2e11-4aeb-b043-433f6784a781.wxs.aliquot_ensemble_masked.maf.gz	0f579238-5a11-4adc-9c80-572cbb2ce58f	TCGA-WE-A8K5
ffb4884b-6938-442b-9544-b3a6fb27414d	aee17950-2316-4d25-bee1-694da9063a60.wxs.aliquot_ensemble_masked.maf.gz	1e05da2e-7dd7-4c98-9e77-59514e5f2582	TCGA-D3-A1Q6
ad7cf6c1-13bb-4cd4-b4e8-aa4ddee6bedf	24704488-1e74-48c8-8180-887a789ea437.wxs.aliquot_ensemble_masked.maf.gz	285d8e2c-f183-49d5-bc1c-fd47c6670acc	TCGA-GF-A2C7
3a4088fc-aac2-4505-83f5-c6b57a908d63	0b325474-52f8-4142-8497-16857180f63b.wxs.aliquot_ensemble_masked.maf.gz	2e0f7da5-9078-4c7f-b074-565246529a83	TCGA-BF-AAOX
df9b914a-bb9d-4b92-a939-87794b8913e7	b3b83616-498e-499f-b5d1-e32683eb1742.wxs.aliquot_ensemble_masked.maf.gz	3d0cbbc9-f2ef-4d3e-ad55-b5cae6787c28	TCGA-EE-A2GM
